County Name,Public Health Region (PHR),Total Doses Allocated,Vaccine Doses Administered,People Vaccinated with at least One Dose,People Fully Vaccinated,People Vaccinated with Booster Dose,"Population
5+","Population
12+","Population, 16+","Population, 65+","Population, Phase 1A Healthcare Workers","Population, Phase 1A Long-term Care Residents","Population, 16-64
 Any Medical Condition","Population, Education and Child Care Personnel",,,,,,,,,,
Texas,--,"27,513,735","42,957,316","20,546,940","17,359,911","6,409,788","26,967,586","24,068,624","22,421,178","3,734,229","1,241,763","271,813","8,302,974","850,859",,,,,,,,,,
Federal Long-Term Care Vaccination Program,--,"720,525",--,--,--,,,--,--,--,--,--,--,--,,,,,,,,,,
Federal Pharmacy Retail Vaccination Program,--,"5,509,700",--,--,--,,,--,--,--,--,--,--,--,,,,,,,,,,
Anderson,4/5N,"17,870","55,858","26,908","23,885","7,804","54,637","50,661","48,045","8,658","2,051",833,"20,206","1,574",,,,,,,,,,
Andrews,44814,"6,100","19,674","9,145","8,138","2,713","17,266","14,863","13,503","1,833",309,106,"5,450",41,,,,,,,,,,
Angelina,4/5N,"58,100","95,798","44,182","39,379","15,268","81,499","72,486","67,056","14,422","6,534","1,752","28,054","3,266",,,,,,,,,,
Aransas,11,"6,840","34,900","15,941","13,879","6,076","22,639","20,834","19,803","6,791",370,252,"6,701",39,,,,,,,,,,
Archer,44595,"3,200","9,618","4,432","4,069","1,512","7,996","7,388","6,921","1,677",80,13,"2,381",330,,,,,,,,,,
Armstrong,1,"2,100","1,765",823,719,279,"1,723","1,584","1,499",470,32,86,466,0,,,,,,,,,,
Atascosa,8,"19,000","60,773","28,871","25,032","8,598","46,959","41,738","38,768","7,605","1,124",651,"15,239","1,557",,,,,,,,,,
Austin,6/5S,"8,700","34,631","16,583","14,508","5,517","28,313","25,335","23,704","5,933",667,396,"7,873","1,079",,,,,,,,,,
Bailey,1,"24,135","6,471","3,213","2,656",854,"6,414","5,603","5,089","1,036",114,74,"1,982",0,,,,,,,,,,
Bandera,8,"5,100","24,483","11,458","10,021","4,245","22,019","20,596","19,763","6,439",352,180,"6,555",20,,,,,,,,,,
Bastrop,7,"62,200","124,542","59,725","49,998","17,999","82,246","74,173","68,839","13,865","1,462",696,"29,356","2,746",,,,,,,,,,
Baylor,44595,"5,550","3,369","1,602","1,447",463,"3,302","2,992","2,793",844,137,97,908,0,,,,,,,,,,
Bee,11,"83,660","39,836","18,941","16,107","5,474","31,026","28,034","26,496","4,091",981,684,"11,359",989,,,,,,,,,,
Bell,7,"222,970","377,938","182,120","153,892","53,367","336,691","294,905","272,969","40,534","15,894","2,466","95,066","12,910",,,,,,,,,,
Bexar,8,"1,502,800","3,202,738","1,508,521","1,273,745","503,985","1,864,646","1,661,614","1,552,823","247,843","100,704","17,248","614,646","61,232",,,,,,,,,,
Blanco,7,"5,600","14,933","6,798","6,038","2,586","11,461","10,598","10,092","3,004",90,102,"3,388",303,,,,,,,,,,
Borden,44814,0,445,228,200,51,613,569,543,174,9,0,163,0,,,,,,,,,,
Bosque,7,"11,100","20,407","9,449","8,418","3,477","17,664","16,110","15,224","4,741",624,407,"5,126",579,,,,,,,,,,
Bowie,4/5N,"67,090","79,198","38,634","32,821","11,314","86,659","78,795","73,689","15,832","6,332","1,467","29,102","3,303",,,,,,,,,,
Brazoria,6/5S,"224,000","523,782","241,485","216,264","82,973","347,809","310,503","287,683","45,752","9,762","2,648","105,966","12,034",,,,,,,,,,
Brazos,7,"176,390","286,062","134,563","117,224","42,392","218,080","198,148","186,843","21,693","7,514","1,414","59,619","6,083",,,,,,,,,,
Brewster,44814,"5,100","12,636","5,947","5,043","2,180","8,905","8,071","7,706","2,231",303,0,"2,579",255,,,,,,,,,,
Briscoe,1,"1,200","1,585",688,617,315,"1,470","1,352","1,272",404,19,0,452,0,,,,,,,,,,
Brooks,11,"3,400","11,137","5,221","4,526","1,817","6,460","5,714","5,317","1,308",323,246,"2,253",22,,,,,,,,,,
Brown,44595,"14,800","34,973","17,667","15,796","5,461","36,099","32,897","30,883","7,720","1,663",911,"11,188","1,112",,,,,,,,,,
Burleson,7,"4,700","20,974","9,705","8,755","3,539","17,438","15,888","14,869","3,867",143,218,"5,600",518,,,,,,,,,,
Burnet,7,"38,215","60,872","28,350","25,079","10,281","45,640","41,525","39,239","10,999","1,823",595,"13,132",94,,,,,,,,,,
Caldwell,7,"15,100","58,168","28,043","23,794","8,642","41,232","37,400","34,853","6,512","1,286",524,"14,114","1,294",,,,,,,,,,
Calhoun,8,"7,300","26,831","12,856","11,250","4,349","20,138","17,988","16,817","3,981",470,384,"6,161",53,,,,,,,,,,
Callahan,44595,"3,500","12,277","5,811","5,197","1,973","12,938","11,949","11,263","2,958",146,122,"4,094",442,,,,,,,,,,
Cameron,11,"377,955","848,113","412,341","333,033","124,398","389,474","339,698","311,689","58,607","29,737","6,315","127,806","17,059",,,,,,,,,,
Camp,4/5N,"1,800","13,450","6,324","5,447","2,004","12,036","10,774","10,031","2,494",207,152,"3,927",0,,,,,,,,,,
Carson,1,"1,800","4,994","2,306","2,029",784,"5,596","5,073","4,718","1,250",60,0,"1,547",240,,,,,,,,,,
Cass,4/5N,"5,100","24,430","11,759","10,191","3,899","28,402","25,670","24,182","6,856","1,216",550,"9,010","1,125",,,,,,,,,,
Castro,1,"3,100","7,870","3,790","3,157","1,162","6,853","6,026","5,607","1,236",121,174,"2,168",341,,,,,,,,,,
Chambers,6/5S,"37,400","51,161","24,185","21,324","6,853","40,048","35,653","33,062","5,259",958,244,"12,484","1,539",,,,,,,,,,
Cherokee,4/5N,"18,070","50,235","23,762","20,990","7,818","49,273","44,073","40,876","9,444","1,500",738,"16,376","1,511",,,,,,,,,,
Childress,1,"5,000","8,138","3,922","3,579","1,453","6,988","6,419","6,094","1,165",251,136,"2,395",0,,,,,,,,,,
Clay,44595,"14,645","10,474","4,805","4,388","1,659","9,986","9,145","8,666","2,484",136,60,"3,011",384,,,,,,,,,,
Cochran,1,"1,400","2,461","1,250","1,090",314,"2,701","2,361","2,188",468,57,0,956,0,,,,,,,,,,
Coke,44814,0,"3,213","1,449","1,287",568,"3,118","2,889","2,756",947,47,130,899,0,,,,,,,,,,
Coleman,44595,"3,700","7,526","3,453","3,073","1,291","7,888","7,133","6,721","2,119",342,162,"2,379",289,,,,,,,,,,
Collin,44595,"763,700","1,716,554","783,044","690,622","279,255","962,905","865,275","801,716","116,575","38,139","7,817","236,374","34,589",,,,,,,,,,
Collingsworth,1,"2,200","2,313","1,103",927,438,"2,762","2,432","2,263",555,80,92,847,0,,,,,,,,,,
Colorado,6/5S,"12,600","26,463","12,507","11,094","4,580","20,298","18,273","17,107","4,850",853,477,"5,957",613,,,,,,,,,,
Comal,8,"94,530","229,706","107,315","93,871","37,885","146,783","133,278","125,307","28,528","5,457","1,845","38,712","4,242",,,,,,,,,,
Comanche,44595,"6,890","14,664","6,812","6,120","2,503","12,904","11,640","10,944","3,330",330,292,"3,738",455,,,,,,,,,,
Concho,44814,"2,000","3,235","1,559","1,289",552,"2,529","2,382","2,288",689,76,66,815,0,,,,,,,,,,
Cooke,44595,"18,500","37,717","18,409","15,358","5,355","38,180","34,774","32,675","7,804",948,552,"11,640","1,051",,,,,,,,,,
Coryell,7,"38,595","75,449","35,844","31,021","10,970","72,152","64,702","60,428","8,040","1,178",610,"22,789","2,014",,,,,,,,,,
Cottle,44595,0,"1,235",589,521,210,"1,285","1,181","1,123",339,5,0,446,0,,,,,,,,,,
Crane,44814,"3,550","4,406","2,239","1,729",482,"4,406","3,834","3,554",594,71,110,"1,353",0,,,,,,,,,,
Crockett,44814,0,"4,061","1,845","1,592",673,"3,247","2,885","2,694",612,31,56,"1,031",0,,,,,,,,,,
Crosby,1,"4,050","6,269","2,834","2,539","1,025","5,360","4,779","4,421","1,085",98,115,"1,771",284,,,,,,,,,,
Culberson,44814,"2,000","2,924","1,318","1,148",478,"2,001","1,824","1,746",480,67,0,722,0,,,,,,,,,,
Dallam,1,"28,810","7,835","4,085","3,022",846,"6,531","5,706","5,217",857,40,0,"2,067",0,,,,,,,,,,
Dallas,44595,"1,962,805","3,828,174","1,809,336","1,553,625","559,978","2,459,647","2,181,224","2,028,105","292,117","142,713","21,399","730,851","83,452",,,,,,,,,,
Dawson,44814,"4,600","10,066","5,012","4,367","1,261","11,679","10,475","9,789","1,898",304,112,"4,206",475,,,,,,,,,,
DeWitt,8,"7,100","21,828","10,044","9,081","3,569","18,888","17,091","16,110","4,035",319,438,"6,110","1,055",,,,,,,,,,
Deaf Smith,1,"5,000","18,650","8,983","7,824","2,626","17,031","14,756","13,439","2,423",238,147,"5,332",0,,,,,,,,,,
Delta,4/5N,"1,700","4,263","1,999","1,761",618,"4,893","4,476","4,222","1,118",379,100,"1,580",0,,,,,,,,,,
Denton,44595,"567,070","1,344,613","611,047","544,517","220,176","829,733","750,269","697,330","93,499","23,806","5,913","257,836","22,330",,,,,,,,,,
Dickens,1,0,"1,694",789,710,297,"2,058","1,943","1,858",525,21,0,689,0,,,,,,,,,,
Dimmit,8,"23,265","21,421","11,820","7,292","2,462","9,411","8,187","7,539","1,749",238,175,"3,179",48,,,,,,,,,,
Donley,1,"1,400","2,941","1,366","1,186",462,"3,094","2,837","2,716",804,27,65,918,0,,,,,,,,,,
Duval,11,"3,800","17,888","8,415","7,122","2,887","10,340","9,183","8,600","2,031",69,150,"3,541",482,,,,,,,,,,
Eastland,44595,"7,340","15,594","7,508","6,510","2,428","17,366","15,879","14,970","4,054",860,389,"5,393",591,,,,,,,,,,
Ector,44814,"117,100","169,028","81,690","69,713","21,274","151,403","131,546","120,896","15,970","5,303","1,016","50,679",428,,,,,,,,,,
Edwards,8,0,"1,911",868,758,321,"1,801","1,648","1,555",561,24,0,528,0,,,,,,,,,,
El Paso,44814,"713,000","1,612,493","792,399","624,722","231,799","783,994","688,420","640,180","105,175","35,065","8,383","245,567","27,330",,,,,,,,,,
Ellis,44595,"130,520","234,577","110,240","97,446","33,444","170,921","153,077","141,665","24,288","3,985","1,994","54,463","6,578",,,,,,,,,,
Erath,44595,"24,600","37,808","17,816","15,739","5,612","40,622","37,010","34,875","6,256","1,250",481,"12,564","1,079",,,,,,,,,,
Falls,7,"30,755","19,596","9,270","7,946","2,827","16,157","14,863","14,049","3,226",328,187,"5,671",486,,,,,,,,,,
Fannin,44595,"37,695","34,212","16,266","14,399","5,511","33,394","30,562","28,874","6,588",962,614,"10,987","1,108",,,,,,,,,,
Fayette,7,"8,700","31,592","14,878","13,019","5,316","24,473","22,151","20,879","6,679",998,647,"6,844",671,,,,,,,,,,
Fisher,44595,"2,200","3,410","1,607","1,400",616,"3,582","3,277","3,088",961,101,28,"1,061",0,,,,,,,,,,
Floyd,1,"2,300","6,003","2,772","2,472",979,"5,229","4,667","4,371","1,070",132,68,"1,723",0,,,,,,,,,,
Foard,44595,"1,700","1,262",600,507,200,"1,104","1,003",962,315,7,80,332,0,,,,,,,,,,
Fort Bend,6/5S,"528,850","1,424,839","649,113","575,764","233,910","742,204","665,167","616,413","93,851","24,721","4,977","175,581","19,047",,,,,,,,,,
Franklin,4/5N,"3,200","9,525","4,520","3,928","1,567","10,258","9,186","8,554","2,367",169,163,"2,871",0,,,,,,,,,,
Freestone,7,"4,400","18,171","8,735","7,783","2,621","18,627","16,823","15,808","3,996",553,261,"6,319",689,,,,,,,,,,
Frio,8,"13,450","26,058","15,185","13,449","3,243","18,870","17,090","16,121","2,499",186,166,"6,797",28,,,,,,,,,,
Gaines,44814,"5,100","10,515","5,329","4,608","1,151","18,921","16,201","14,548","1,907",323,95,"6,156",717,,,,,,,,,,
Galveston,6/5S,"310,560","500,868","225,747","203,797","83,378","320,483","287,908","269,280","50,987","11,784","2,830","96,486","10,219",,,,,,,,,,
Garza,1,"4,200","5,963","3,411","3,206",649,"6,102","5,587","5,325",719,33,75,"2,197",0,,,,,,,,,,
Gillespie,8,"31,400","36,246","16,341","14,515","6,450","25,541","23,486","22,307","8,110","1,175",706,"6,815",681,,,,,,,,,,
Glasscock,44814,0,"1,410",691,605,153,"1,275","1,170","1,099",210,23,0,426,0,,,,,,,,,,
Goliad,8,"2,400","7,973","3,640","3,257","1,371","7,239","6,651","6,281","1,832",39,135,"2,282",0,,,,,,,,,,
Gonzales,8,"11,700","24,189","11,698","10,402","3,692","19,261","17,120","15,937","3,572",550,256,"6,356",693,,,,,,,,,,
Gray,1,"5,500","20,469","9,691","8,589","3,091","20,472","18,191","16,924","3,531",689,315,"6,978",42,,,,,,,,,,
Grayson,44595,"67,740","139,023","67,673","58,499","22,069","127,159","114,863","107,521","24,182","9,338","2,131","40,586","4,254",,,,,,,,,,
Gregg,4/5N,"124,925","140,381","65,459","57,392","20,647","115,575","102,834","95,544","19,451","7,025","2,324","37,362","3,988",,,,,,,,,,
Grimes,7,"4,700","38,248","17,740","15,762","6,201","27,267","24,734","23,245","5,134",234,311,"9,653",771,,,,,,,,,,
Guadalupe,8,"91,395","215,193","103,429","89,958","33,281","156,424","139,873","130,517","23,614","3,801","1,225","49,282","3,850",,,,,,,,,,
Hale,1,"14,000","32,409","15,817","13,963","4,473","31,152","27,448","25,476","4,604",873,399,"10,561","1,177",,,,,,,,,,
Hall,1,0,"3,017","1,404","1,242",527,"2,863","2,552","2,406",711,27,72,978,0,,,,,,,,,,
Hamilton,7,"6,100","9,997","4,569","4,171","1,828","7,976","7,223","6,832","2,146",481,296,"2,427",10,,,,,,,,,,
Hansford,1,"3,400","4,928","2,461","2,206",725,"4,947","4,355","3,987",812,139,84,"1,616",295,,,,,,,,,,
Hardeman,44595,"3,800","4,084","1,932","1,763",680,"3,779","3,383","3,190",912,102,16,"1,146",0,,,,,,,,,,
Hardin,6/5S,"11,800","52,407","24,592","21,650","7,645","53,375","48,425","45,112","9,762","1,003",527,"16,190","1,814",,,,,,,,,,
Harris,6/5S,"3,395,220","7,097,361","3,395,123","2,923,355","1,022,689","4,374,128","3,873,534","3,601,939","514,167","225,769","27,623","1,408,024","148,273",,,,,,,,,,
Harrison,4/5N,"16,870","62,213","29,580","26,030","9,396","62,896","55,838","51,900","11,607","3,063",608,"20,509","2,169",,,,,,,,,,
Hartley,1,"1,475","6,682","3,228","2,639","1,015","5,260","4,854","4,561",861,196,94,"1,669",253,,,,,,,,,,
Haskell,44595,"3,200","5,026","2,497","2,127",634,"5,523","5,059","4,831","1,266",123,68,"1,872",187,,,,,,,,,,
Hays,7,"170,240","352,716","166,538","142,446","55,995","215,309","195,999","183,380","26,187","5,488","1,907","61,462","6,431",,,,,,,,,,
Hemphill,1,"3,100","3,659","1,809","1,595",634,"3,637","3,122","2,827",606,104,98,"1,066",0,,,,,,,,,,
Henderson,4/5N,"23,170","80,139","37,433","32,761","13,176","77,999","71,288","67,238","18,534","2,043",998,"26,544","1,787",,,,,,,,,,
Hidalgo,11,"641,140","1,705,394","882,128","658,042","211,186","788,211","681,678","620,824","98,328","54,962","17,074","286,328","36,161",,,,,,,,,,
Hill,7,"10,400","34,499","16,920","14,657","5,277","34,612","31,136","29,198","7,684",862,523,"11,381","1,209",,,,,,,,,,
Hockley,1,"5,500","23,312","11,289","9,852","3,257","21,516","19,075","17,799","3,453",483,263,"6,829",887,,,,,,,,,,
Hood,44595,"31,570","73,149","32,894","29,450","12,749","57,853","53,157","50,193","15,416","1,720",867,"16,867",147,,,,,,,,,,
Hopkins,4/5N,"14,810","35,470","16,701","14,710","5,199","34,635","31,222","29,175","6,887","1,192",620,"11,166","1,299",,,,,,,,,,
Houston,4/5N,"6,800","23,408","10,855","9,595","4,028","21,817","19,962","18,929","5,176",634,538,"7,399",631,,,,,,,,,,
Howard,44814,"7,900","28,119","14,328","12,490","3,161","34,630","31,311","29,544","4,813","1,456",454,"12,143",858,,,,,,,,,,
Hudspeth,44814,"2,000","8,032","4,037","3,451","1,162","4,445","4,139","3,979",775,33,0,"1,778",145,,,,,,,,,,
Hunt,44595,"39,410","98,740","47,167","41,374","13,993","91,601","82,800","77,878","15,810","4,112",947,"31,096","2,723",,,,,,,,,,
Hutchinson,1,"4,900","17,614","8,271","7,174","2,619","19,460","17,397","16,258","3,581",504,246,"6,098",741,,,,,,,,,,
Irion,44814,0,"1,640",750,664,268,"1,403","1,292","1,234",328,15,0,429,0,,,,,,,,,,
Jack,44595,"3,900","8,191","3,926","3,479","1,154","8,479","7,655","7,230","1,515",198,149,"2,732",284,,,,,,,,,,
Jackson,8,"11,060","15,710","7,365","6,578","2,261","13,758","12,264","11,425","2,720",380,237,"4,205",674,,,,,,,,,,
Jasper,4/5N,"15,270","31,807","14,842","13,109","5,140","33,293","29,963","28,056","7,187","1,597",374,"11,687","1,173",,,,,,,,,,
Jeff Davis,44814,"1,400","2,972","1,328","1,182",542,"2,351","2,246","2,180",812,28,0,685,0,,,,,,,,,,
Jefferson,6/5S,"241,300","304,560","141,399","123,437","46,087","233,164","209,484","197,382","37,595","13,127","2,431","90,120","6,898",,,,,,,,,,
Jim Hogg,11,"1,400","7,556","3,743","2,934",935,"4,737","4,107","3,791",890,14,60,"1,572",0,,,,,,,,,,
Jim Wells,11,"35,525","57,417","26,884","22,492","9,156","37,672","32,896","30,579","6,358","3,897",985,"12,474","1,370",,,,,,,,,,
Johnson,44595,"105,100","193,372","90,824","79,521","28,176","162,793","145,438","135,345","25,151","3,559","1,471","53,224","5,814",,,,,,,,,,
Jones,44595,"3,300","20,419","10,304","8,679","3,226","19,073","17,778","17,011","3,188",337,254,"6,981",525,,,,,,,,,,
Karnes,8,"14,520","18,950","9,268","8,453","2,856","14,708","13,389","12,669","2,211",370,244,"5,177",505,,,,,,,,,,
Kaufman,44595,"65,950","170,195","80,884","70,344","23,751","123,665","110,544","102,341","16,113","2,857","1,189","40,613","4,498",,,,,,,,,,
Kendall,8,"19,400","72,389","33,469","29,097","12,605","44,667","40,495","37,890","9,152","1,091",801,"12,702",160,,,,,,,,,,
Kenedy,11,0,548,246,217,90,375,333,321,68,1,0,139,0,,,,,,,,,,
Kent,44595,0,656,311,273,107,709,646,615,201,13,60,198,0,,,,,,,,,,
Kerr,8,"20,100","61,914","28,947","25,008","10,526","50,071","46,093","43,793","14,769","2,805","1,022","13,990","1,087",,,,,,,,,,
Kimble,44814,"2,900","4,552","2,062","1,817",827,"4,148","3,832","3,651","1,288",90,0,"1,243",0,,,,,,,,,,
King,1,0,109,58,48,9,227,215,205,51,7,0,69,0,,,,,,,,,,
Kinney,8,"2,400","4,483","2,113","1,795",688,"3,486","3,211","3,050",910,11,0,"1,171",0,,,,,,,,,,
Kleberg,11,"59,725","47,885","22,061","18,774","7,723","28,759","25,919","24,188","4,046","1,401",341,"9,265",870,,,,,,,,,,
Knox,44595,"2,300","3,251","1,559","1,398",438,"3,415","3,024","2,808",736,95,127,976,182,,,,,,,,,,
La Salle,8,"24,535","11,212","5,417","4,727","1,772","7,088","6,477","6,212","1,018",22,60,"2,410",0,,,,,,,,,,
Lamar,4/5N,"28,200","46,414","21,572","19,085","7,456","46,506","41,942","39,402","9,726","3,115",745,"14,986","1,612",,,,,,,,,,
Lamb,1,"2,400","13,300","6,269","5,421","2,181","11,746","10,452","9,740","2,240",454,226,"3,968",536,,,,,,,,,,
Lampasas,7,"5,000","23,189","11,113","9,614","3,708","20,275","18,448","17,366","4,322",348,284,"6,457",0,,,,,,,,,,
Lavaca,8,"8,700","20,709","9,710","8,860","3,501","19,089","17,169","16,004","4,775",820,612,"5,435",476,,,,,,,,,,
Lee,7,"5,900","19,290","9,131","7,951","3,021","16,441","14,935","13,993","3,219",334,226,"5,333",494,,,,,,,,,,
Leon,7,"3,800","16,029","7,773","6,825","2,601","16,347","14,753","13,946","4,334",155,74,"4,662",603,,,,,,,,,,
Liberty,6/5S,"42,565","92,692","45,403","38,946","11,247","80,581","71,663","66,868","11,399","1,398",614,"28,567","2,987",,,,,,,,,,
Limestone,7,"8,100","21,322","10,408","9,114","3,230","22,132","20,032","18,871","4,670","2,332","1,060","7,512",702,,,,,,,,,,
Lipscomb,1,"1,300","2,203","1,046",940,309,"3,023","2,698","2,520",617,24,61,919,190,,,,,,,,,,
Live Oak,11,"3,400","9,926","4,539","4,049","1,563","11,525","10,565","10,055","2,533",35,100,"3,769",300,,,,,,,,,,
Llano,7,"6,800","27,766","12,475","11,207","5,431","20,983","19,603","18,908","8,119",277,358,"5,362",15,,,,,,,,,,
Loving,44814,0,75,41,30,5,135,130,129,23,0,0,50,0,,,,,,,,,,
Lubbock,1,"239,890","355,636","167,183","146,756","52,837","290,090","261,427","244,992","39,476","20,974","4,093","83,028","9,242",,,,,,,,,,
Lynn,1,"1,800","5,628","2,634","2,330",818,"5,435","4,851","4,496",974,191,40,"1,838",328,,,,,,,,,,
Madison,7,"4,100","14,849","7,021","6,136","2,433","13,531","12,264","11,595","2,264",299,258,"4,451",17,,,,,,,,,,
Marion,4/5N,"1,300","9,429","4,443","3,984","1,493","9,460","8,663","8,277","2,697",351,158,"3,058",0,,,,,,,,,,
Martin,44814,"2,400","4,226","2,108","1,729",525,"5,114","4,473","4,136",659,165,0,"1,624",0,,,,,,,,,,
Mason,44814,"2,000","5,228","2,285","2,093","1,020","4,034","3,712","3,521","1,250",104,0,"1,147",0,,,,,,,,,,
Matagorda,6/5S,"16,950","41,798","19,916","17,120","5,943","33,641","30,169","28,247","6,391","1,113",369,"11,409","1,164",,,,,,,,,,
Maverick,8,"46,700","133,616","72,844","51,816","14,824","53,126","46,417","42,606","7,003","2,970","1,198","18,727",152,,,,,,,,,,
McCulloch,44814,"4,400","7,506","3,419","3,079","1,279","7,590","6,865","6,435","1,792",212,122,"2,275",260,,,,,,,,,,
McLennan,7,"153,530","311,156","148,435","129,708","47,130","239,819","215,130","200,781","37,728","11,153","3,621","71,906","8,718",,,,,,,,,,
McMullen,11,"1,200",767,355,328,127,685,640,616,189,10,0,202,0,,,,,,,,,,
Medina,8,"18,100","67,086","31,449","27,686","11,149","48,707","44,092","41,263","8,757",899,536,"16,090","1,720",,,,,,,,,,
Menard,44814,"1,400","2,709","1,217","1,114",526,"2,058","1,888","1,790",699,9,40,550,0,,,,,,,,,,
Midland,44814,"135,835","179,355","86,198","74,374","22,181","161,155","141,259","131,025","18,438","5,950","1,288","49,538","4,151",,,,,,,,,,
Milam,7,"11,200","27,601","12,489","11,232","4,548","23,507","21,093","19,689","5,245",532,297,"7,641",827,,,,,,,,,,
Mills,7,"2,600","5,098","2,303","2,058",899,"4,674","4,242","4,006","1,416",149,152,"1,305",265,,,,,,,,,,
Mitchell,44595,"4,000","7,467","3,387","3,071","1,395","7,932","7,286","6,958","1,259",265,96,"2,753",254,,,,,,,,,,
Montague,44595,"4,950","16,776","8,031","6,956","2,537","18,573","16,816","15,872","4,444",560,383,"5,668",702,,,,,,,,,,
Montgomery,6/5S,"404,890","813,902","389,941","337,167","114,886","562,022","503,062","467,232","81,457","20,255","3,836","157,396","17,330",,,,,,,,,,
Moore,1,"7,240","23,333","11,913","9,259","2,472","18,871","16,411","14,986","2,372",448,176,"6,143",27,,,,,,,,,,
Morris,4/5N,"2,100","13,094","6,211","5,415","2,118","11,539","10,449","9,830","2,730",77,179,"3,692",0,,,,,,,,,,
Motley,1,0,916,466,335,132,"1,121","1,051",994,368,22,50,319,0,,,,,,,,,,
Nacogdoches,4/5N,"33,100","69,288","33,663","29,054","11,064","60,264","54,401","51,773","9,953","2,530",755,"19,948","1,728",,,,,,,,,,
Navarro,44595,"33,100","56,852","26,513","23,215","8,384","46,145","41,283","38,360","8,651","1,720",869,"15,775","1,772",,,,,,,,,,
Newton,4/5N,"2,900","8,097","3,725","3,310","1,313","12,907","11,888","11,298","2,878",55,113,"4,648",354,,,,,,,,,,
Nolan,44595,"9,000","14,549","7,007","6,367","2,635","13,617","12,204","11,321","2,737",519,251,"4,249",719,,,,,,,,,,
Nueces,11,"289,725","512,483","238,132","205,618","83,550","340,073","303,484","284,366","54,069","25,582","4,100","113,767","9,771",,,,,,,,,,
Ochiltree,1,"4,700","8,452","4,222","3,719",795,"9,045","7,814","7,106","1,148",200,114,"2,812",0,,,,,,,,,,
Oldham,1,"1,600","1,843",870,757,262,"2,039","1,894","1,728",316,18,0,654,227,,,,,,,,,,
Orange,6/5S,"5,300","72,831","34,520","29,807","10,582","76,811","69,350","65,087","13,729","1,456",548,"26,244","2,692",,,,,,,,,,
Palo Pinto,44595,"6,500","26,377","12,322","10,938","4,107","27,238","24,719","23,207","5,893",864,283,"8,796",816,,,,,,,,,,
Panola,4/5N,"3,900","19,487","9,398","8,275","2,905","22,135","19,777","18,462","4,589",473,377,"7,117",661,,,,,,,,,,
Parker,44595,"73,730","153,510","72,110","64,277","22,616","131,956","119,419","111,686","22,331","2,890","1,301","40,567","3,773",,,,,,,,,,
Parmer,1,"2,600","9,256","4,372","3,833","1,447","8,843","7,816","7,222","1,366",161,174,"2,910",525,,,,,,,,,,
Pecos,44814,"6,700","22,470","10,552","9,302","3,579","14,618","13,080","12,317","2,141",400,120,"5,047",517,,,,,,,,,,
Polk,4/5N,"10,200","54,100","25,116","21,821","9,172","48,305","44,390","42,276","9,733","1,184",574,"17,118","1,025",,,,,,,,,,
Potter,1,"194,195","125,960","60,502","51,248","17,346","107,179","95,273","88,673","15,203","10,224","1,770","35,559",518,,,,,,,,,,
Presidio,44814,"5,300","16,632","7,938","6,317","2,665","6,009","5,392","5,069","1,601",27,0,"2,039",0,,,,,,,,,,
Rains,4/5N,"2,000","11,155","5,130","4,568","1,804","11,715","10,798","10,277","3,123",163,68,"3,649",0,,,,,,,,,,
Randall,1,"16,170","150,033","70,250","61,547","22,806","129,477","116,059","108,431","21,424","2,812",869,"34,803",519,,,,,,,,,,
Reagan,44814,"1,400","3,483","1,769","1,549",385,"3,500","3,078","2,841",427,52,42,"1,173",0,,,,,,,,,,
Real,8,"2,000","4,105","1,859","1,631",715,"3,343","3,070","2,943","1,053",25,86,"1,051",0,,,,,,,,,,
Red River,4/5N,"3,500","10,763","5,333","4,695","1,412","11,435","10,450","9,965","3,044",420,252,"3,717",477,,,,,,,,,,
Reeves,44814,"31,075","31,754","20,287","9,189","2,433","14,862","13,495","12,781","1,878",281,89,"5,277",0,,,,,,,,,,
Refugio,11,"2,900","9,283","4,142","3,715","1,603","6,524","5,921","5,583","1,617",228,154,"2,031",313,,,,,,,,,,
Roberts,1,0,604,284,257,93,801,730,672,193,16,0,227,0,,,,,,,,,,
Robertson,7,"4,200","18,178","8,768","7,686","2,876","15,864","14,349","13,474","3,412",252,252,"4,991",690,,,,,,,,,,
Rockwall,44595,"59,095","148,123","70,013","60,778","21,823","95,901","86,906","80,325","13,395","3,750","1,347","27,575","3,321",,,,,,,,,,
Runnels,44595,"7,600","10,702","5,002","4,554","1,684","9,663","8,726","8,184","2,153",405,312,"2,979",430,,,,,,,,,,
Rusk,4/5N,"11,670","50,909","24,491","21,451","7,647","51,241","46,536","43,777","9,197","1,501",759,"17,428","1,859",,,,,,,,,,
Sabine,4/5N,"3,900","9,365","4,299","3,787","1,665","10,097","9,359","8,871","3,267",572,186,"3,077",0,,,,,,,,,,
San Augustine,4/5N,"3,700","8,733","4,023","3,489","1,430","7,830","7,135","6,811","2,227",415,337,"2,590",0,,,,,,,,,,
San Jacinto,4/5N,"4,500","22,960","10,998","9,661","3,545","27,419","24,882","23,444","6,488",132,190,"9,275",40,,,,,,,,,,
San Patricio,11,"20,170","90,539","43,460","37,110","13,198","61,710","54,942","51,116","10,209",975,347,"19,063","2,379",,,,,,,,,,
San Saba,7,"2,100","5,296","2,635","2,243",648,"5,775","5,279","5,000","1,465",33,72,"1,828",197,,,,,,,,,,
Schleicher,44814,"1,800","3,100","1,405","1,283",502,"2,712","2,399","2,218",559,65,34,793,0,,,,,,,,,,
Scurry,44595,"7,395","18,847","9,109","7,972","2,792","15,703","14,012","13,000","2,566",399,128,"5,165",0,,,,,,,,,,
Shackelford,44595,"1,700","2,902","1,330","1,187",457,"3,087","2,804","2,612",691,52,0,937,119,,,,,,,,,,
Shelby,4/5N,"10,050","22,294","10,979","9,348","3,000","23,343","20,862","19,449","4,532",540,369,"7,876",948,,,,,,,,,,
Sherman,1,"1,800","2,355","1,260",989,202,"2,783","2,478","2,294",462,24,42,868,0,,,,,,,,,,
Smith,4/5N,"209,370","262,573","120,976","107,141","40,305","216,694","194,878","182,283","39,337","19,690","3,030","62,467","7,172",,,,,,,,,,
Somervell,44595,"5,100","9,514","4,381","3,970","1,622","8,648","7,823","7,386","1,770",457,220,"2,741",479,,,,,,,,,,
Starr,11,"43,780","160,517","84,611","63,347","19,593","57,720","49,864","45,765","7,370","4,479","1,999","21,117","3,311",,,,,,,,,,
Stephens,44595,"3,400","7,518","3,702","3,301","1,144","8,882","8,039","7,542","1,890",168,92,"2,928",22,,,,,,,,,,
Sterling,44814,700,"1,215",575,500,151,"1,140","1,042",975,186,10,44,375,0,,,,,,,,,,
Stonewall,44595,"1,700","1,367",636,575,227,"1,262","1,164","1,095",361,63,53,369,0,,,,,,,,,,
Sutton,44814,"2,400","4,038","1,841","1,630",620,"3,494","3,139","2,992",723,91,0,"1,051",0,,,,,,,,,,
Swisher,1,"2,600","6,725","3,308","2,950","1,183","6,938","6,211","5,764","1,305",114,61,"2,381",323,,,,,,,,,,
Tarrant,44595,"1,449,310","2,888,578","1,336,387","1,177,472","438,058","1,943,431","1,738,948","1,617,160","244,511","86,106","18,386","590,239","56,668",,,,,,,,,,
Taylor,44595,"94,735","153,222","72,208","62,764","23,287","128,300","115,070","107,257","20,131","11,065","2,465","36,680","4,185",,,,,,,,,,
Terrell,44814,0,"1,037",480,397,183,745,678,639,255,10,0,207,0,,,,,,,,,,
Terry,1,"8,590","11,956","5,796","5,050","1,835","11,386","10,047","9,307","1,858",345,178,"3,985",416,,,,,,,,,,
Throckmorton,44595,"2,100","1,496",682,598,244,"1,430","1,314","1,247",445,64,0,399,0,,,,,,,,,,
Titus,4/5N,"25,200","32,827","15,925","13,436","4,374","30,173","26,439","24,323","4,845","1,811",633,"9,797","1,297",,,,,,,,,,
Tom Green,44814,"95,140","137,335","62,458","56,067","22,203","110,409","99,574","93,752","18,625","6,702","1,601","33,131","3,815",,,,,,,,,,
Travis,7,"2,165,090","2,221,898","1,015,315","877,474","393,790","1,207,346","1,092,827","1,032,386","129,553","51,820","8,264","311,477","32,884",,,,,,,,,,
Trinity,4/5N,"5,050","14,928","7,054","6,144","2,449","13,766","12,733","12,104","3,956",347,241,"4,400",427,,,,,,,,,,
Tyler,4/5N,"9,300","19,592","8,857","7,976","3,351","20,812","18,949","17,963","4,895",476,238,"6,926",722,,,,,,,,,,
Upshur,4/5N,"5,300","34,366","16,170","14,250","5,258","38,716","35,243","33,011","7,825",714,567,"12,366","1,404",,,,,,,,,,
Upton,44814,"3,200","3,828","1,735","1,512",621,"3,323","2,953","2,730",537,170,30,"1,105",0,,,,,,,,,,
Uvalde,8,"31,145","36,039","16,859","14,339","5,804","24,519","21,980","20,379","4,508","1,498",515,"8,253",985,,,,,,,,,,
Val Verde,8,"43,030","85,339","45,159","33,741","9,631","45,230","39,580","36,546","7,003","2,610",490,"14,417",104,,,,,,,,,,
Van Zandt,4/5N,"13,100","50,259","23,547","20,959","8,192","52,892","48,037","45,216","11,495","1,280",711,"16,861","1,783",,,,,,,,,,
Victoria,8,"60,590","110,255","50,366","44,906","17,281","84,940","76,348","71,388","15,242","5,624","1,030","27,119",241,,,,,,,,,,
Walker,6/5S,"36,770","84,511","40,169","35,224","12,455","71,652","66,420","63,471","10,049","1,526",400,"24,628","1,438",,,,,,,,,,
Waller,6/5S,"15,640","55,913","27,003","23,459","7,405","51,149","46,544","43,350","6,546","1,182",466,"16,819","1,813",,,,,,,,,,
Ward,44814,"4,940","10,278","5,107","4,287","1,272","10,987","9,651","8,921","1,629",137,92,"3,551",0,,,,,,,,,,
Washington,7,"63,100","45,156","20,294","18,258","7,743","33,973","30,940","29,086","7,889","2,581","1,018","10,662",72,,,,,,,,,,
Webb,11,"206,550","692,769","403,574","259,397","66,017","249,552","215,919","196,916","26,921","12,073","1,646","88,397","11,668",,,,,,,,,,
Wharton,6/5S,"18,490","51,864","25,019","21,540","7,439","38,527","34,591","32,110","7,239","1,438",615,"12,933","1,328",,,,,,,,,,
Wheeler,1,"3,000","4,865","2,336","2,035",790,"4,742","4,211","3,915","1,002",200,114,"1,459",243,,,,,,,,,,
Wichita,44595,"76,520","141,937","66,493","59,038","23,433","123,412","111,604","105,631","19,854","8,664","2,030","42,031","3,508",,,,,,,,,,
Wilbarger,44595,"10,600","14,992","7,132","6,510","2,432","12,034","10,971","10,361","2,421",457,304,"4,240",27,,,,,,,,,,
Willacy,11,"8,300","34,233","16,956","14,234","5,025","20,211","18,065","16,897","3,057",325,557,"7,612",775,,,,,,,,,,
Williamson,7,"449,190","993,006","452,122","398,248","172,487","551,668","493,204","458,433","73,202","14,404","4,639","146,388","19,090",,,,,,,,,,
Wilson,8,"23,300","61,924","29,388","25,947","9,634","47,550","43,258","40,488","8,411","1,224",615,"13,986","1,510",,,,,,,,,,
Winkler,44814,"2,000","7,116","3,466","3,017",993,"7,531","6,466","5,954",964,102,0,"2,445",0,,,,,,,,,,
Wise,44595,"29,680","63,092","30,398","26,904","8,720","64,679","58,448","54,722","10,598","3,589",552,"22,459","1,533",,,,,,,,,,
Wood,4/5N,"6,700","47,628","21,802","19,597","8,603","43,522","39,990","38,005","12,527","1,046",880,"13,019","1,130",,,,,,,,,,
Yoakum,1,"3,400","8,063","4,075","3,458","1,089","7,851","6,743","6,135","1,033",225,60,"2,367",0,,,,,,,,,,
Young,44595,"8,500","17,261","8,267","7,416","2,589","16,969","15,127","14,219","3,774",862,431,"5,296",626,,,,,,,,,,
Zapata,11,"8,400","19,862","9,754","8,386","2,574","12,905","10,966","9,981","1,866",195,202,"4,642",0,,,,,,,,,,
Zavala,8,"2,200","14,891","7,001","5,991","2,057","11,189","9,644","8,840","1,723",25,60,"4,035",458,,,,,,,,,,
Other, ,,"901,944","576,821","340,794","73,477",,,,,,,,,,,,,,,,,,
, ,,,,,,,,,,,,,,,,,,,,,,,
,,,,,,,,,,,,,,,,,,,,,,,,
