"COVID-19 Total Cases by County, 01/01/2022 to 03/16/2022",,,,,,,,,,,,,,,,,,,,,,,,,,,,,,,,,,,,,,,,,,,,,,,,,,,,,,,,,,,,,,,,,,,,,,,,,,,
DISCLAIMER: All data are provisional and are subject to change.,,,,,,,,,,,,,,,,,,,,,,,,,,,,,,,,,,,,,,,,,,,,,,,,,,,,,,,,,,,,,,,,,,,,,,,,,,,
County,01/01/2022,01/02/2022,01/03/2022,01/04/2022,01/05/2022,01/06/2022,01/07/2022,01/08/2022,01/09/2022,01/10/2022,01/11/2022,01/12/2022,01/13/2022,01/14/2022,01/15/2022,01/16/2022,01/17/2022,01/18/2022,01/19/2022,01/20/2022,01/21/2022,01/22/2022,01/23/2022,01/24/2022,01/25/2022,01/26/2022,01/27/2022,01/28/2022,01/29/2022,01/30/2022,01/31/2022,02/01/2022,02/02/2022,02/03/2022,02/04/2022,02/05/2022,02/06/2022,02/07/2022,02/08/2022,02/09/2022,02/10/2022,02/11/2022,02/12/2022,02/13/2022,02/14/2022,02/15/2022,02/16/2022,02/17/2022,02/18/2022,02/19/2022,02/20/2022,02/21/2022,02/22/2022,02/23/2022,02/24/2022,02/25/2022,02/26/2022,02/27/2022,02/28/2022,03/01/2022,03/02/2022,03/03/2022,03/04/2022,03/05/2022,03/06/2022,03/07/2022,03/08/2022,03/09/2022,03/10/2022,03/11/2022,03/12/2022,03/13/2022,03/14/2022,03/15/2022,03/16/2022
Anderson,5667,5709,5763,5796,5830,5848,5870,5897,5909,5961,6000,6022,6085,6114,6136,6159,6186,6195,6208,6251,6285,6320,6345,6363,6377,6396,6412,6420,6429,6452,6459,6467,6478,6517,6525,6533,6544,6548,6553,6554,6555,6558,6565,6569,6570,6575,6579,6583,6584,6586,6587,6588,6592,6593,6594,6595,6597,6597,6597,6598,6598,6601,6602,6604,6604,6612,6612,6613,6616,6616,6616,6616,6617,6617,6618
Andrews,2513,2516,2517,2527,2571,2608,2640,2677,2683,2684,2695,2733,2868,2914,2976,3052,3062,3065,3100,3127,3147,3205,3210,3210,3268,3296,3327,3331,3347,3369,3370,3391,3393,3405,3407,3407,3407,3408,3408,3415,3418,3423,3423,3423,3423,3424,3425,3426,3426,3426,3426,3426,3426,3426,3427,3428,3429,3429,3429,3429,3429,3430,3430,3430,3430,3431,3431,3431,3431,3431,3431,3431,3431,3431,3431
Angelina,7355,7389,7437,7469,7496,7508,7568,7592,7619,7645,7682,7728,7755,7825,7887,7906,7962,7988,8024,8107,8181,8251,8304,8347,8389,8417,8472,8504,8534,8590,8628,8649,8683,8720,8752,8760,8791,8803,8809,8827,8838,8856,8864,8874,8881,8885,8889,8890,8896,8898,8898,8903,8905,8905,8906,8912,8921,8921,8921,8922,8922,8922,8924,8925,8926,8926,8927,8928,8932,8932,8937,8937,8937,8938,8938
Aransas,2107,2117,2127,2135,2157,2174,2195,2210,2224,2244,2260,2299,2341,2370,2397,2422,2438,2460,2505,2527,2570,2606,2637,2663,2705,2727,2749,2774,2804,2840,2863,2884,2910,2935,2959,2965,2992,3007,3035,3053,3062,3075,3082,3084,3095,3101,3105,3107,3113,3120,3122,3124,3129,3133,3136,3138,3138,3141,3143,3146,3147,3150,3151,3152,3152,3152,3154,3155,3156,3160,3161,3161,3161,3163,3163
Archer,1247,1263,1280,1302,1317,1326,1343,1348,1357,1370,1389,1426,1447,1466,1506,1511,1538,1560,1572,1594,1607,1628,1644,1662,1676,1688,1702,1721,1736,1745,1759,1768,1781,1785,1792,1792,1800,1801,1804,1811,1814,1817,1821,1823,1823,1824,1826,1827,1829,1829,1831,1831,1832,1832,1832,1832,1833,1833,1834,1835,1837,1837,1837,1837,1837,1837,1837,1849,1854,1855,1855,1855,1855,1856,1856
Armstrong,277,278,281,282,283,284,284,286,287,287,287,289,289,292,293,295,295,298,298,299,300,300,304,308,310,312,314,314,316,316,317,317,319,320,320,320,320,320,320,321,327,327,328,328,329,329,329,329,329,329,329,330,330,330,331,331,332,332,332,333,333,333,334,334,334,334,334,334,334,334,334,334,334,335,336
Atascosa,7153,7189,7231,7286,7326,7352,7395,7444,7488,7564,7678,7813,7901,7967,8118,8204,8537,8626,8760,8915,9017,9183,9258,9385,9635,9699,9772,9841,9992,10047,10077,10134,10180,10220,10263,10324,10358,10372,10394,10416,10431,10460,10498,10510,10513,10523,10535,10545,10549,10574,10583,10588,10591,10593,10603,10606,10615,10616,10629,10638,10646,10652,10657,10664,10666,10668,10671,10684,10688,10696,10709,10709,10710,10714,10722
Austin,3133,3172,3205,3262,3285,3302,3337,3357,3379,3400,3426,3457,3506,3537,3584,3621,3664,3686,3716,3745,3777,3828,3869,3905,3933,3948,3969,3991,4019,4052,4082,4102,4134,4159,4178,4190,4217,4230,4236,4250,4262,4276,4286,4293,4296,4305,4310,4315,4333,4341,4343,4345,4351,4357,4361,4368,4372,4373,4374,4375,4378,4381,4385,4388,4388,4388,4390,4393,4398,4398,4400,4401,4402,4404,4406
Bailey,816,816,817,818,818,820,821,823,825,827,828,830,831,831,841,843,847,849,850,852,856,861,862,864,865,865,867,867,867,870,871,871,873,875,875,875,876,876,877,877,877,878,878,878,878,878,883,884,885,885,886,886,887,887,887,887,887,887,887,890,892,892,892,893,893,893,893,894,894,898,898,898,898,900,901
Bandera,1893,1907,1918,1947,1960,1973,1980,1996,2000,2014,2031,2045,2068,2086,2110,2118,2143,2155,2168,2183,2200,2207,2236,2253,2274,2283,2311,2328,2342,2355,2363,2383,2391,2408,2425,2431,2444,2453,2457,2462,2472,2480,2483,2487,2491,2492,2496,2497,2497,2500,2500,2502,2502,2504,2505,2505,2506,2507,2509,2511,2512,2515,2516,2519,2519,2521,2522,2522,2525,2530,2532,2532,2534,2536,2538
Bastrop,11909,12055,12198,12279,12373,12439,12574,12693,12789,12900,12999,13140,13385,13566,13703,13751,14102,14196,14354,14512,14663,14794,14882,14939,15018,15070,15163,15201,15265,15314,15380,15458,15511,15547,15597,15624,15640,15668,15701,15733,15773,15891,15953,15970,15979,16013,16028,16044,16050,16067,16070,16076,16085,16091,16102,16106,16121,16121,16132,16141,16145,16146,16156,16160,16160,16161,16163,16168,16169,16172,16175,16177,16177,16187,16187
Baylor,226,227,229,232,233,234,236,239,240,243,246,248,249,252,258,258,265,269,272,279,283,289,295,296,296,296,298,301,303,305,306,306,307,307,308,308,308,308,310,310,310,313,313,314,314,314,314,314,314,314,314,314,314,314,314,314,314,314,314,314,314,314,314,314,314,314,314,314,314,314,314,314,314,314,314
Bee,5380,5392,5430,5451,5477,5493,5516,5540,5555,5570,5581,5613,5631,5655,5692,5764,5784,5816,5844,5887,5939,5987,6015,6043,6062,6081,6114,6150,6165,6196,6228,6237,6247,6265,6288,6297,6333,6354,6366,6372,6384,6392,6409,6414,6421,6426,6430,6437,6443,6452,6454,6455,6459,6463,6469,6473,6477,6478,6481,6487,6494,6496,6502,6505,6505,6508,6514,6519,6522,6525,6525,6525,6525,6526,6534
Bell,38309,38620,39062,39303,39483,39767,40093,40403,40520,40909,41132,41548,42185,42582,42852,43241,43742,44082,44680,45028,45664,47172,47827,48325,48901,49166,49493,49793,50180,50424,50707,50906,51131,51461,51687,51827,51962,52047,52135,52244,52334,52471,52549,52601,52645,52701,52755,52788,52832,52857,52877,52896,52933,52943,52971,52995,53010,53017,53047,53054,53067,53082,53101,53114,53121,53516,53520,53531,53536,53540,53546,53553,53562,53575,53582
Bexar,291985,295198,298764,303062,305812,307744,312194,316099,319461,323505,327893,336024,341539,345295,352410,356502,365171,370804,377636,383306,388857,393777,397497,404146,409518,414080,418415,422983,427738,430251,432917,438421,441116,442976,444613,446338,448619,450082,451235,452106,453118,454218,455089,455796,456206,457442,457951,458443,458848,459456,459623,459930,460505,460793,461148,461490,461787,461876,462458,462819,463080,463307,463574,463822,463868,464028,464250,464461,464636,464823,465005,465072,465113,465294,465483
Blanco,1038,1048,1059,1064,1072,1073,1079,1080,1083,1092,1098,1113,1128,1136,1147,1150,1167,1175,1184,1188,1196,1214,1223,1232,1246,1258,1268,1275,1282,1296,1316,1328,1333,1340,1348,1350,1360,1362,1364,1369,1376,1391,1395,1397,1398,1400,1401,1403,1405,1410,1411,1412,1413,1414,1416,1417,1417,1418,1419,1424,1424,1424,1426,1426,1426,1426,1426,1427,1429,1429,1430,1430,1431,1433,1433
Borden,51,51,52,52,53,56,57,57,57,57,60,61,64,65,66,66,66,67,67,67,70,70,70,71,72,72,72,73,73,73,73,74,74,74,74,74,74,74,74,74,74,74,74,74,74,74,74,74,74,74,74,74,74,74,74,74,74,74,74,74,74,74,74,75,75,75,75,75,75,75,75,75,75,75,75
Bosque,2143,2149,2169,2177,2182,2191,2198,2209,2214,2230,2239,2251,2275,2288,2307,2316,2323,2328,2344,2395,2455,2487,2535,2552,2578,2589,2605,2627,2648,2669,2677,2679,2684,2690,2700,2709,2714,2716,2730,2739,2740,2747,2751,2752,2753,2773,2775,2781,2783,2786,2786,2788,2796,2803,2808,2810,2810,2810,2810,2812,2816,2819,2821,2822,2822,2823,2823,2831,2831,2832,2834,2834,2834,2838,2841
Bowie,9098,9134,9186,9243,9278,9310,9395,9463,9533,9618,9656,9747,9838,9952,10064,10105,10240,10280,10326,10438,10578,10669,10762,10832,10883,10916,10980,11078,11139,11170,11211,11235,11304,11389,11444,11478,11507,11515,11545,11557,11630,11656,11685,11700,11707,11717,11720,11734,11751,11762,11763,11766,11776,11792,11804,11812,11832,11833,11836,11839,11840,11843,11845,11847,11847,11848,11852,11853,11858,11859,11861,11862,11862,11865,11865
Brazoria,55701,56769,57932,58914,59800,60309,61104,61632,62152,62719,63375,64211,65105,65659,66343,66960,67605,68046,68580,68888,69423,69962,70618,70940,71305,71616,71942,72280,72603,72969,73233,73499,73791,74069,74287,74395,74655,74828,74956,75128,75251,75389,75526,75627,75729,75806,75898,75960,76059,76126,76160,76196,76246,76272,76315,76359,76402,76414,76434,76461,76474,76488,76503,76562,76577,76597,76611,76627,76649,76656,76671,76674,76686,76695,76706
Brazos,37792,38176,38803,39246,39751,40577,41403,41866,42246,42678,43088,43364,43951,44360,45178,45743,46195,46426,46925,47331,47992,48554,49405,49757,49976,50452,50840,51223,51643,51957,52132,52239,52484,52850,53049,53119,53283,53345,53395,53537,53662,53761,53831,53874,53921,53949,53991,54054,54097,54131,54148,54159,54189,54210,54237,54266,54278,54285,54296,54306,54322,54345,54359,54371,54379,54389,54392,54403,54416,54424,54428,54438,54438,54440,54447
Brewster,712,712,712,712,712,712,713,715,715,717,719,722,726,726,728,730,732,732,734,734,735,738,740,744,747,747,747,747,748,749,750,751,751,752,755,757,758,758,758,758,759,765,767,767,768,769,772,774,774,779,779,780,783,785,785,786,786,786,786,786,786,786,786,786,786,786,786,786,787,787,787,787,787,787,787
Briscoe,204,206,206,209,214,214,214,224,224,230,230,235,238,253,260,261,274,274,274,287,288,295,299,301,302,303,303,303,305,307,307,308,308,308,312,313,314,314,314,315,320,321,322,323,323,324,324,326,326,328,328,328,328,328,328,328,328,328,328,328,328,328,328,328,328,328,328,328,329,329,331,331,331,331,334
Brooks,926,928,928,930,930,934,937,941,943,945,952,957,962,973,977,982,989,994,998,1014,1023,1034,1038,1039,1045,1046,1048,1062,1071,1072,1075,1084,1085,1089,1093,1100,1100,1101,1102,1104,1110,1115,1115,1118,1126,1126,1127,1129,1136,1138,1139,1140,1140,1140,1143,1145,1145,1145,1145,1145,1148,1150,1150,1151,1151,1152,1152,1152,1152,1152,1152,1153,1153,1153,1153
Brown,4029,4045,4069,4084,4099,4121,4129,4148,4157,4182,4205,4257,4294,4360,4383,4409,4481,4513,4539,4562,4613,4895,4934,4950,4995,5008,5036,5079,5110,5122,5161,5194,5214,5264,5278,5287,5299,5305,5324,5351,5383,5416,5421,5423,5425,5448,5475,5525,5537,5548,5548,5551,5567,5606,5623,5655,5691,5691,5691,5719,5761,5792,5843,5863,5863,5939,5965,5999,6037,6046,6047,6047,6049,6069,6078
Burleson,3124,3138,3159,3174,3190,3216,3255,3270,3305,3326,3342,3375,3407,3435,3474,3502,3543,3576,3605,3625,3658,3689,3724,3741,3763,3789,3807,3837,3854,3867,3886,3910,3919,3931,3937,3942,3949,3955,3959,3966,3969,3977,3981,3988,3994,3995,4000,4005,4008,4015,4017,4022,4024,4029,4037,4040,4043,4043,4043,4045,4046,4046,4048,4050,4050,4051,4055,4057,4057,4057,4057,4059,4060,4061,4061
Burnet,7076,7097,7134,7165,7194,7212,7233,7257,7284,7311,7339,7426,7497,7563,7600,7621,7660,7711,7790,7830,7876,7940,7994,8025,8082,8122,8158,8236,8272,8318,8346,8374,8408,8428,8460,8504,8532,8543,8556,8576,8602,8623,8630,8700,8709,8720,8731,8739,8745,8754,8759,8762,8767,8769,8773,8780,8782,8786,8787,8794,8799,8812,8856,8858,8858,8859,8865,8870,8874,8877,8882,8883,8883,8885,8891
Caldwell,8123,8244,8406,8557,8637,8761,8918,9022,9077,9235,9304,9385,9514,9591,9697,9770,9885,9988,10159,10238,10425,10563,10712,10762,10823,10945,11066,11157,11219,11288,11344,11389,11436,11503,11555,11567,11609,11624,11640,11677,11721,11765,11789,11808,11816,11828,11846,11856,11865,11875,11879,11885,11889,11895,11900,11904,11911,11915,11921,11927,11928,11931,11936,11936,11937,11939,11940,11944,11951,11953,11957,11959,11962,11968,11972
Calhoun,2780,2804,2825,2843,2853,2860,2885,2902,2910,2934,2961,2991,3011,3044,3135,3155,3181,3192,3198,3210,3236,3288,3313,3353,3353,3356,3361,3372,3400,3411,3425,3427,3429,3431,3455,3455,3472,3484,3485,3488,3492,3502,3513,3516,3518,3519,3521,3529,3534,3541,3544,3548,3551,3552,3559,3574,3582,3583,3585,3588,3592,3594,3595,3596,3596,3596,3598,3599,3600,3600,3601,3602,3602,3603,3603
Callahan,1013,1026,1036,1047,1057,1063,1076,1077,1083,1092,1102,1118,1138,1146,1164,1168,1183,1190,1202,1212,1224,1272,1279,1287,1299,1303,1308,1315,1318,1327,1341,1346,1355,1358,1364,1365,1373,1374,1377,1380,1382,1383,1384,1385,1385,1387,1388,1390,1390,1392,1392,1392,1392,1393,1394,1394,1394,1394,1395,1396,1398,1398,1398,1400,1400,1413,1413,1413,1415,1415,1415,1415,1416,1417,1417
Cameron,57947,58276,58804,59433,59703,59882,60534,61003,61438,62185,62477,62912,63969,64543,65247,65739,66221,66599,66882,67678,68804,69504,70327,71068,71422,71634,72193,72459,73054,73601,73901,74173,74452,74731,75018,75177,75426,75963,76095,76177,76475,76671,76871,77044,77175,77271,77345,77527,77605,77853,77908,77985,78034,78066,78122,78205,78250,78270,78299,78324,78339,78403,78435,78481,78494,78525,78554,78572,78634,78661,78734,78747,78771,78784,78797
Camp,1429,1433,1441,1443,1454,1458,1460,1470,1477,1484,1499,1508,1518,1525,1534,1537,1542,1549,1558,1576,1591,1608,1627,1635,1641,1643,1651,1656,1667,1674,1676,1678,1682,1687,1691,1692,1695,1696,1696,1699,1704,1706,1707,1711,1714,1715,1716,1717,1718,1721,1722,1723,1731,1740,1746,1751,1751,1751,1752,1753,1753,1755,1757,1760,1760,1760,1761,1761,1762,1765,1765,1765,1765,1766,1766
Carson,856,859,863,867,869,871,877,882,884,885,889,901,906,911,916,919,922,924,928,935,944,950,956,959,967,969,974,980,981,981,983,985,992,999,1006,1006,1006,1008,1010,1011,1022,1022,1026,1028,1030,1035,1039,1041,1044,1044,1044,1045,1045,1047,1047,1049,1050,1050,1050,1052,1052,1052,1057,1059,1059,1059,1059,1063,1064,1064,1064,1064,1064,1064,1064
Cass,3131,3142,3154,3170,3183,3218,3250,3269,3286,3323,3338,3379,3433,3491,3537,3561,3579,3623,3685,3749,3810,3838,3868,3881,3912,3924,3991,4025,4062,4083,4095,4109,4149,4177,4211,4239,4248,4260,4325,4381,4411,4423,4432,4434,4439,4440,4446,4452,4454,4457,4458,4458,4463,4469,4482,4485,4500,4500,4502,4502,4503,4503,4506,4508,4509,4510,4511,4512,4513,4514,4515,4515,4515,4516,4516
Castro,1281,1291,1292,1293,1294,1297,1317,1331,1333,1350,1365,1366,1372,1421,1460,1462,1535,1540,1543,1547,1604,1606,1608,1659,1659,1659,1659,1671,1699,1699,1722,1722,1725,1739,1743,1743,1747,1748,1748,1751,1763,1767,1768,1768,1768,1768,1769,1771,1774,1776,1776,1776,1776,1779,1779,1780,1781,1781,1781,1782,1782,1782,1783,1783,1783,1783,1783,1783,1784,1784,1784,1784,1784,1786,1790
Chambers,8111,8180,8263,8325,8405,8472,8527,8551,8588,8635,8674,8748,8784,8835,8896,8912,8970,9032,9086,9127,9185,9264,9299,9322,9381,9416,9470,9536,9595,9632,9671,9728,9764,9789,9826,9832,9877,9895,9919,9934,9960,9970,9989,9999,10005,10019,10032,10047,10052,10057,10058,10063,10070,10073,10077,10083,10084,10085,10091,10093,10094,10095,10098,10098,10099,10101,10102,10103,10103,10104,10104,10106,10108,10109,10109
Cherokee,2324,2339,2367,2383,2390,2405,2419,2435,2449,2480,2494,2514,2563,2595,2642,2656,2675,2687,2699,2745,2791,2839,2884,2906,2930,2937,2968,2982,3001,3028,3046,3057,3075,3104,3119,3128,3144,3154,3162,3173,3186,3197,3205,3211,3218,3226,3227,3228,3232,3233,3234,3236,3242,3244,3246,3248,3250,3250,3250,3253,3253,3253,3255,3255,3256,3258,3258,3258,3258,3259,3260,3262,3262,3262,3262
Childress,1953,1953,1954,1959,1962,1966,1983,2004,2004,2007,2015,2026,2032,2047,2073,2083,2084,2097,2102,2105,2116,2121,2121,2125,2133,2133,2135,2152,2154,2154,2154,2154,2155,2160,2164,2204,2209,2210,2210,2210,2242,2250,2251,2254,2254,2256,2256,2259,2277,2356,2356,2356,2358,2419,2448,2449,2449,2449,2449,2449,2449,2449,2449,2449,2449,2449,2449,2453,2453,2458,2458,2458,2458,2458,2458
Clay,1481,1486,1490,1497,1501,1504,1509,1513,1515,1522,1529,1537,1553,1567,1578,1584,1592,1607,1616,1626,1638,1647,1658,1671,1674,1685,1692,1705,1720,1728,1729,1731,1736,1737,1741,1744,1746,1747,1749,1750,1753,1754,1758,1758,1759,1759,1760,1760,1762,1763,1763,1763,1764,1764,1764,1766,1767,1767,1769,1769,1769,1769,1769,1769,1769,1769,1769,1772,1772,1774,1774,1774,1774,1774,1774
Cochran,493,498,500,500,504,504,514,518,523,523,524,531,547,555,561,564,564,568,581,584,591,600,603,603,613,616,618,621,621,622,623,626,626,626,626,626,626,627,628,628,628,629,629,629,629,629,629,630,630,630,630,630,630,630,630,632,632,632,632,632,632,632,632,637,637,637,638,641,641,641,641,641,641,641,641
Coke,260,263,264,268,270,271,275,279,280,281,284,287,291,291,294,296,300,300,303,304,305,307,307,309,309,312,315,318,319,320,324,324,324,324,326,327,327,327,327,327,327,331,331,331,332,332,332,332,332,333,333,333,333,333,333,333,333,333,333,333,333,334,334,334,335,335,335,335,335,335,335,335,335,335,335
Coleman,863,866,867,868,869,870,870,873,875,900,903,906,908,916,927,938,943,949,952,955,957,970,973,976,977,979,982,983,984,984,987,988,990,991,993,994,994,996,996,996,998,998,998,998,998,999,999,1002,1002,1002,1002,1002,1002,1002,1002,1004,1004,1004,1031,1032,1032,1032,1033,1033,1033,1034,1034,1034,1034,1034,1034,1034,1034,1034,1034
Collin,109740,111032,112374,113996,114984,116389,117228,118612,119495,120740,122386,124308,126289,127494,129394,130481,132487,133893,135316,136566,138033,139899,141322,142201,143331,143834,144868,145875,146859,147599,148354,149129,149777,150406,151008,151403,151828,152208,152479,152756,153087,153434,153685,153849,153961,154242,154387,154512,154621,154829,154862,154928,155081,155181,155280,155339,155455,155470,155498,155623,155763,155858,156031,156158,156171,156209,156293,156409,156568,156725,156787,156803,156812,156884,156926
Collingsworth,386,386,387,387,388,389,391,393,393,398,405,406,409,412,415,418,424,425,428,432,436,436,437,437,441,441,441,442,443,446,446,446,447,450,450,454,456,456,456,456,461,463,463,463,463,463,463,465,468,476,476,477,477,487,488,488,488,488,488,488,489,489,489,489,489,489,489,490,490,491,491,491,491,491,491
Colorado,2250,2264,2289,2335,2353,2362,2382,2399,2412,2430,2443,2461,2500,2514,2538,2546,2559,2567,2574,2602,2631,2653,2672,2677,2686,2690,2699,2704,2722,2736,2746,2758,2768,2801,2821,2827,2836,2846,2851,2855,2860,2868,2868,2871,2874,2878,2885,2892,2912,2928,2928,2929,2931,2933,2943,2951,2954,2954,2959,2959,2961,2962,2966,2969,2969,2969,2973,2981,2984,2985,2986,2986,2986,2986,2989
Comal,14296,14515,14752,14948,15066,15192,15385,15573,15734,15920,16048,16233,16455,16645,16802,16940,17213,17425,17708,17930,18314,18549,18873,19113,19212,19406,19576,19731,19954,20080,20239,20436,20555,20640,20739,20834,20942,20996,21037,21079,21137,21185,21221,21260,21299,21335,21358,21388,21429,21458,21473,21485,21499,21519,21543,21556,21576,21583,21682,21695,21702,21717,21722,21737,21746,21752,21760,21763,21776,21783,21785,21788,21791,21796,21799
Comanche,1867,1870,1883,1890,1896,1900,1912,1920,1932,1947,1949,1961,1996,2024,2028,2092,2110,2153,2155,2162,2202,2245,2257,2264,2279,2290,2304,2310,2317,2322,2323,2329,2332,2342,2347,2348,2348,2349,2350,2353,2358,2360,2363,2366,2368,2370,2370,2371,2372,2372,2372,2372,2372,2372,2374,2374,2375,2375,2375,2375,2375,2375,2375,2376,2376,2378,2378,2378,2378,2378,2380,2380,2380,2382,2382
Concho,501,501,502,503,504,504,505,507,508,509,509,513,514,517,519,519,520,521,524,524,529,531,531,531,531,534,535,539,539,539,540,540,540,540,540,540,540,540,540,541,542,543,544,548,548,548,548,548,549,549,549,549,549,549,549,549,549,549,549,551,551,551,551,551,551,551,551,551,551,551,551,551,551,551,551
Cooke,4507,4530,4564,4599,4619,4641,4673,4724,4740,4770,4813,4833,4904,4996,5056,5110,5137,5172,5213,5272,5319,5370,5394,5413,5440,5453,5470,5484,5504,5523,5543,5576,5592,5607,5621,5634,5645,5648,5650,5657,5672,5682,5689,5693,5694,5698,5698,5700,5702,5708,5709,5709,5711,5714,5719,5720,5723,5723,5723,5730,5742,5748,5750,5761,5761,5761,5765,5768,5768,5769,5771,5771,5771,5771,5772
Coryell,11619,11637,11681,11731,11771,11837,12033,12112,12126,12224,12304,12352,12508,12657,12701,12745,12970,12984,13076,13118,13334,13525,13666,13704,13765,13827,13871,14034,14106,14146,14177,14196,14232,14358,14504,14527,14531,14564,14594,14609,14622,14641,14662,14678,14684,14700,14708,14722,14737,14740,14742,14749,14759,14761,14767,14773,14777,14777,14779,14784,14790,14794,14800,14801,14801,14831,14834,14838,14840,14843,14843,14843,14843,14848,14851
Cottle,231,231,231,231,231,231,231,232,232,232,232,232,233,235,235,237,238,240,240,241,242,242,242,243,243,243,243,246,246,247,247,248,249,249,249,250,250,250,250,250,250,250,250,250,250,250,250,250,250,250,250,250,250,252,252,253,253,253,253,253,253,253,253,253,253,253,254,254,254,254,254,254,254,254,254
Crane,249,250,250,253,256,256,256,258,259,261,263,267,270,273,275,276,284,287,291,295,297,299,300,302,305,305,309,312,314,314,316,318,318,323,325,326,327,327,328,330,330,330,331,333,333,334,334,335,335,336,336,336,336,336,336,336,336,336,336,336,336,336,336,336,336,336,336,336,337,337,337,337,337,337,337
Crockett,126,126,126,126,127,127,127,127,127,127,128,128,129,129,130,130,130,130,132,133,133,133,133,133,133,133,134,134,134,135,135,136,137,139,139,140,140,140,141,141,141,142,143,143,143,143,143,143,143,143,143,143,143,143,143,143,143,143,143,143,143,143,143,143,143,143,143,143,143,143,143,143,143,143,143
Crosby,826,833,840,847,853,861,864,871,879,880,886,894,903,908,922,926,934,936,938,944,947,959,965,967,978,979,980,986,986,988,992,996,999,1001,1003,1003,1003,1004,1004,1006,1006,1008,1010,1010,1010,1010,1010,1010,1010,1010,1010,1010,1011,1011,1011,1011,1011,1011,1011,1011,1011,1011,1011,1018,1018,1019,1019,1020,1020,1020,1020,1020,1020,1021,1024
Culberson,367,368,370,370,371,371,371,376,382,385,391,395,399,403,413,413,424,424,426,433,434,434,440,445,445,445,451,453,458,459,460,461,461,462,464,465,465,465,466,467,468,469,469,469,469,469,469,470,470,470,470,470,470,470,470,470,470,470,470,470,470,470,470,470,470,470,470,470,470,470,470,470,470,470,470
Dallam,1440,1440,1440,1444,1446,1451,1453,1457,1457,1458,1460,1463,1467,1468,1474,1477,1478,1479,1479,1479,1480,1496,1497,1497,1509,1512,1522,1527,1548,1549,1549,1549,1550,1558,1586,1591,1591,1591,1610,1618,1623,1627,1637,1637,1638,1661,1680,1692,1692,1692,1692,1692,1692,1699,1702,1702,1703,1703,1703,1708,1708,1708,1708,1711,1711,1711,1712,1712,1714,1714,1714,1714,1714,1716,1716
Dallas,363614,367420,371615,376128,379364,382956,385320,389295,392061,395869,400275,405713,411365,416439,420999,423921,428512,432420,435969,438974,442141,446063,449831,451718,453980,455311,457366,460755,463900,465130,467210,469010,470421,471829,473039,474478,475386,476117,476577,477019,477654,478159,479862,480567,480883,481584,481792,482051,482298,482773,482851,483228,483474,483570,483715,484733,484859,484906,485022,485138,485202,485274,485332,485468,485482,485607,485654,485744,485869,485890,485956,486093,486132,486170,486191
Dawson,1694,1698,1699,1701,1707,1707,1709,1712,1718,1722,1726,1730,1740,1752,1754,1764,1772,1779,1786,1790,1796,1797,1804,1805,1816,1819,1824,1825,1828,1834,1835,1836,1839,1840,1841,1841,1841,1843,1843,1843,1844,1844,1844,1845,1845,1846,1846,1846,1847,1848,1848,1848,1848,1848,1848,1850,1850,1850,1850,1851,1851,1851,1851,1855,1855,1856,1856,1857,1859,1859,1861,1861,1861,1861,1861
Deaf Smith,2959,2961,2971,2977,2985,2992,3002,3019,3026,3032,3044,3050,3065,3089,3110,3117,3124,3135,3147,3158,3181,3198,3205,3217,3229,3240,3246,3248,3254,3255,3259,3260,3266,3277,3279,3280,3280,3282,3289,3289,3447,3460,3471,3472,3472,3475,3477,3481,3487,3488,3488,3488,3494,3514,3521,3525,3528,3528,3528,3532,3542,3542,3548,3563,3563,3563,3567,3567,3598,3633,3667,3667,3667,3704,3731
Delta,497,505,512,517,521,526,530,533,534,538,545,553,565,574,583,585,589,598,607,610,617,630,635,642,647,651,666,672,677,681,686,690,695,698,700,702,714,714,718,722,724,725,726,727,727,727,727,729,729,729,729,729,730,733,735,735,735,735,736,737,737,738,738,738,738,739,739,739,739,739,739,739,739,739,739
Denton,89035,90272,91539,92800,93786,95179,95879,97051,97794,98948,100160,101982,103857,105118,106900,107782,109515,110952,112199,113122,114443,115771,117462,118294,119205,119730,120587,121424,122346,122910,123485,124046,124538,124941,125356,125713,126005,126241,126406,126615,126786,126999,127161,127299,127402,127639,127714,127787,127849,127972,128000,128045,128094,128126,128173,128229,128253,128265,128297,128329,128340,128367,128385,128414,128425,128452,128462,128500,128523,128527,128547,128563,128572,128584,128590
DeWitt,2821,2850,2878,2888,2905,2919,2929,2950,2965,2997,3018,3063,3109,3161,3219,3238,3251,3279,3311,3395,3520,3586,3654,3684,3720,3724,3766,3773,3801,3832,3850,3855,3864,3873,3880,3882,3890,3899,3901,3902,3907,3918,3923,3927,3930,3930,3933,3937,3943,3944,3947,3950,3950,3950,3951,3954,3955,3956,3956,3957,3959,3962,3963,3963,3966,3966,3967,3968,3970,3971,3971,3971,3971,3971,3972
Dickens,172,173,174,176,176,176,176,177,177,178,178,178,178,178,180,181,182,182,183,186,186,189,190,190,192,193,193,195,196,196,196,196,196,197,197,197,198,198,198,198,198,198,198,198,198,198,198,198,198,199,199,199,199,199,199,199,199,199,199,199,199,199,199,201,201,201,201,201,201,201,201,201,201,201,201
Dimmit,3279,3289,3367,3375,3384,3448,3506,3558,3579,3597,3606,3612,3706,3750,3782,3842,3869,3886,3940,3960,4055,4128,4188,4196,4207,4258,4310,4331,4365,4421,4439,4454,4496,4532,4557,4566,4595,4598,4600,4606,4621,4632,4637,4643,4656,4661,4672,4687,4691,4700,4708,4712,4715,4715,4727,4737,4745,4749,4751,4757,4759,4766,4769,4771,4775,4776,4779,4781,4784,4785,4785,4785,4785,4785,4785
Donley,353,354,354,356,357,358,358,360,361,363,364,367,369,373,378,379,380,384,389,391,394,403,405,406,421,422,422,423,424,426,426,427,430,431,431,432,433,433,433,433,438,439,439,439,439,439,439,439,440,441,441,441,441,447,448,448,448,448,448,448,448,448,448,448,448,448,448,448,448,448,448,448,448,449,449
Duval,1672,1684,1702,1716,1722,1730,1745,1755,1766,1775,1787,1799,1815,1834,1850,1910,1926,1966,1981,2013,2046,2083,2147,2169,2182,2186,2207,2227,2244,2272,2285,2296,2300,2312,2328,2337,2352,2363,2374,2381,2391,2395,2406,2408,2416,2427,2431,2438,2444,2448,2448,2451,2457,2461,2467,2473,2473,2473,2477,2482,2485,2487,2488,2490,2490,2490,2491,2493,2495,2495,2497,2497,2497,2498,2498
Eastland,1673,1680,1685,1696,1698,1702,1712,1715,1719,1722,1725,1729,1738,1753,1762,1777,1787,1790,1800,1806,1821,1838,1847,1851,1858,1863,1877,1878,1882,1890,1894,1896,1900,1903,1905,1908,1908,1912,1913,1917,1920,1922,1924,1926,1926,1926,1928,1928,1929,1931,1932,1933,1933,1934,1935,1940,1941,1941,1941,1945,1946,1946,1946,1946,1946,1947,1947,1951,1952,1952,1953,1954,1954,1954,1955
Ector,15412,15492,15640,15796,15909,16000,16107,16232,16361,16550,16644,16783,16949,17121,17317,17475,17681,17825,18027,18160,18351,18519,18862,18954,19038,19102,19247,19313,19364,19451,19539,19596,19660,19709,19758,19795,19830,19853,19869,19882,19912,19927,19936,19981,19991,19999,20016,20025,20039,20052,20057,20059,20067,20079,20090,20100,20113,20115,20119,20133,20147,20148,20152,20156,20159,20159,20162,20166,20171,20179,20181,20181,20181,20185,20188
Edwards,258,259,260,260,261,263,263,263,263,263,264,264,267,269,271,271,272,273,275,275,275,280,284,285,285,288,293,297,299,300,302,303,305,308,310,310,310,310,310,310,311,311,311,311,311,312,312,312,312,312,312,312,312,312,312,312,312,312,312,313,313,313,313,313,313,313,313,313,313,313,313,313,313,313,313
El Paso,144030,144561,145546,146198,146846,147460,148116,149326,149857,151431,152412,154435,156254,157531,159704,160290,161934,163428,165303,166830,168322,172105,173441,174669,177003,177667,179424,180827,182597,184043,184840,187136,187657,188245,188891,189899,190524,190961,191235,191442,191760,192135,192518,192702,192879,193125,193260,193440,193499,193846,193884,193992,194121,194167,194222,194352,194472,194530,194573,194654,194674,194749,194829,194870,194890,194996,195018,195046,195130,195184,195226,195256,195279,195298,195314
Ellis,28277,28521,28849,29121,29358,29609,29804,30095,30245,30596,30921,31310,31699,32031,32183,32498,32803,33168,33613,33793,34117,34610,35011,35223,35445,35582,35810,35969,36113,36234,36377,36532,36678,36806,36890,36980,37046,37119,37171,37219,37268,37331,37380,37426,37448,37475,37495,37513,37531,37562,37570,37583,37593,37605,37619,37809,37819,37826,37830,37842,37858,37877,37880,37889,37891,37895,37906,37917,37933,37941,37956,37975,37977,37981,37989
Erath,4550,4571,4622,4657,4691,4714,4744,4782,4809,4848,4881,4929,4991,5050,5122,5143,5200,5249,5288,5339,5394,5469,5518,5545,5581,5611,5630,5651,5699,5710,5729,5747,5756,5770,5787,5796,5805,5809,5819,5830,5841,5849,5860,5866,5868,5876,5886,5893,5898,5900,5902,5904,5906,5912,5924,5928,5933,5933,5933,5935,5939,5942,5945,5947,5947,5947,5948,5948,5948,5948,5949,5949,5950,5951,5952
Falls,2538,2546,2562,2576,2584,2592,2604,2618,2625,2634,2641,2684,2730,2751,2763,2769,2784,2788,2796,2823,2875,2923,2948,2964,2983,2996,3004,3018,3030,3032,3037,3045,3049,3056,3065,3069,3070,3070,3072,3078,3081,3088,3094,3096,3098,3109,3110,3113,3114,3116,3117,3117,3120,3121,3122,3123,3124,3124,3124,3125,3134,3141,3143,3143,3144,3145,3145,3147,3149,3149,3150,3150,3150,3150,3154
Fannin,3457,3473,3481,3491,3496,3511,3521,3531,3540,3554,3584,3604,3631,3648,3670,3697,3745,3765,3790,3805,3840,3856,3879,3889,3909,3917,3941,3950,3967,3978,4001,4025,4038,4064,4073,4082,4086,4090,4093,4096,4109,4115,4121,4124,4128,4132,4133,4133,4135,4136,4136,4218,4220,4220,4224,4228,4228,4228,4228,4228,4229,4230,4230,4231,4231,4233,4236,4237,4238,4238,4238,4238,4238,4238,4238
Fayette,2487,2506,2531,2538,2554,2559,2564,2584,2596,2614,2627,2640,2664,2698,2714,2732,2756,2766,2775,2814,2857,2883,2897,2907,2921,2929,2940,2947,2957,2969,2982,2997,3003,3018,3026,3033,3036,3038,3042,3061,3076,3082,3086,3088,3089,3093,3101,3102,3103,3106,3107,3108,3108,3108,3109,3117,3124,3125,3125,3127,3127,3127,3127,3128,3129,3130,3131,3134,3134,3135,3137,3138,3139,3140,3140
Fisher,460,460,460,460,461,462,463,463,465,465,469,469,477,480,481,481,482,484,485,488,491,492,494,494,501,504,506,517,519,519,519,525,527,528,528,529,530,530,536,538,542,543,545,545,546,549,549,550,550,551,551,551,551,551,551,552,552,552,552,553,553,553,553,553,553,553,553,553,553,553,553,553,553,553,553
Floyd,823,829,831,840,842,850,864,881,888,907,912,915,921,944,970,980,993,995,1002,1010,1029,1040,1057,1060,1064,1066,1074,1077,1083,1090,1090,1092,1096,1100,1102,1102,1104,1104,1104,1107,1110,1112,1112,1112,1112,1114,1114,1115,1115,1115,1115,1116,1116,1117,1119,1121,1121,1121,1122,1123,1123,1123,1123,1124,1124,1124,1125,1126,1126,1126,1126,1126,1126,1126,1126
Foard,145,145,145,146,147,147,147,147,148,148,148,148,149,151,151,152,154,154,154,157,157,157,157,157,157,157,159,159,159,159,159,160,160,160,160,160,160,160,160,160,160,160,160,160,160,160,160,160,160,160,160,160,160,160,160,160,160,160,160,160,160,160,160,160,160,160,160,160,160,160,160,160,160,160,160
Fort Bend,104460,106905,109494,111110,113010,115256,117047,118740,119756,121128,123573,126251,127862,129636,131702,132847,134860,135814,136575,137117,138536,139457,140623,141283,142009,142594,143109,143871,144877,145399,146204,146896,147385,148032,148591,148942,149406,149777,150101,150514,150934,151331,151660,151897,152087,152334,152524,152810,154145,154406,154473,154593,154778,154921,155117,155306,155472,155510,155573,155764,155897,156047,156198,156463,156491,156540,156646,156747,156902,156977,157069,157102,157118,157199,157255
Franklin,1116,1118,1125,1134,1135,1142,1144,1153,1158,1169,1180,1203,1213,1223,1236,1238,1246,1263,1274,1299,1327,1331,1335,1347,1354,1360,1369,1379,1389,1394,1398,1402,1417,1425,1426,1431,1434,1435,1440,1444,1449,1451,1454,1455,1457,1457,1457,1459,1460,1461,1462,1464,1467,1471,1472,1475,1475,1477,1477,1477,1477,1477,1477,1479,1480,1482,1483,1485,1486,1486,1486,1486,1486,1486,1486
Freestone,1847,1854,1866,1879,1886,1897,1911,1918,1926,1936,1944,1958,1979,1999,2006,2020,2033,2040,2061,2066,2078,2087,2100,2105,2142,2152,2159,2167,2174,2178,2184,2190,2195,2204,2206,2210,2214,2218,2220,2222,2224,2228,2235,2238,2239,2240,2242,2244,2245,2245,2245,2245,2245,2248,2249,2251,2252,2252,2254,2255,2256,2258,2258,2259,2261,2264,2265,2265,2268,2269,2269,2269,2269,2269,2269
Frio,3183,3193,3211,3225,3233,3236,3246,3265,3279,3304,3326,3350,3385,3416,3456,3498,3539,3571,3614,3644,3685,3748,3759,3820,3854,3872,3908,3954,3967,3996,4029,4041,4069,4113,4128,4139,4163,4167,4170,4191,4207,4213,4222,4233,4234,4241,4243,4247,4256,4259,4260,4273,4274,4274,4299,4299,4301,4302,4302,4319,4320,4329,4329,4330,4334,4335,4345,4350,4370,4373,4391,4399,4399,4410,4410
Gaines,1387,1389,1391,1393,1396,1400,1402,1404,1406,1408,1411,1419,1430,1435,1439,1442,1448,1456,1458,1460,1469,1474,1478,1482,1486,1487,1490,1497,1499,1503,1504,1508,1510,1510,1511,1511,1513,1515,1515,1515,1521,1523,1524,1524,1525,1526,1526,1527,1529,1534,1534,1535,1536,1538,1538,1545,1545,1545,1545,1545,1545,1545,1545,1550,1550,1550,1550,1550,1550,1562,1566,1566,1566,1566,1566
Galveston,59974,61019,62317,63381,64309,64770,65657,66323,67014,67834,68603,69489,70397,71055,71808,72446,73064,73596,74049,74350,75123,75769,76331,76661,77036,77386,77807,78166,78442,78761,79026,79320,79638,79880,80146,80273,80467,80601,80723,80963,81116,81245,81649,81765,81857,81936,82017,82088,82243,82318,82354,82381,82425,82470,82507,82545,82574,82591,82600,82618,82634,82661,82680,82696,82709,82758,82769,82780,82798,82828,82947,82958,82967,82981,82996
Garza,458,459,460,461,462,465,470,474,478,480,483,486,491,499,507,520,524,529,538,546,550,558,567,572,575,578,580,586,587,588,590,591,591,594,595,597,597,597,598,598,598,601,601,602,602,602,603,603,603,605,605,605,605,605,605,605,605,605,605,605,605,607,608,610,610,610,610,610,610,610,610,610,610,611,611
Gillespie,2586,2599,2619,2638,2656,2665,2675,2686,2689,2711,2729,2757,2770,2779,2811,2818,2841,2857,2868,2878,2890,2909,2937,2948,2960,2970,2994,3004,3019,3032,3047,3066,3069,3092,3109,3113,3125,3129,3132,3144,3151,3158,3163,3164,3165,3173,3174,3176,3178,3184,3184,3185,3194,3197,3200,3201,3205,3207,3208,3213,3217,3220,3222,3224,3224,3226,3229,3231,3232,3232,3233,3234,3234,3236,3236
Glasscock,55,55,55,56,58,58,58,58,58,58,58,60,60,62,63,63,64,65,65,65,67,68,68,68,68,68,68,68,68,69,69,69,71,71,71,72,72,73,74,74,74,74,74,74,74,74,74,74,74,74,74,74,74,74,74,74,74,74,74,74,74,74,74,74,74,74,74,74,74,74,74,74,74,74,74
Goliad,456,467,471,477,479,482,487,496,502,506,510,523,534,546,560,562,575,587,594,606,619,634,651,663,670,674,682,685,691,699,702,711,716,723,735,738,742,749,751,753,758,760,761,762,763,764,764,766,766,767,769,771,772,773,776,777,779,779,779,781,785,787,788,790,790,790,790,791,791,792,792,792,792,792,792
Gonzales,2909,2919,2931,2935,2945,2951,2960,2984,2991,3002,3011,3026,3043,3064,3089,3104,3121,3127,3138,3150,3167,3184,3198,3208,3215,3222,3235,3243,3251,3263,3270,3278,3280,3287,3292,3294,3298,3299,3302,3305,3306,3306,3307,3307,3307,3308,3309,3310,3312,3313,3314,3315,3315,3315,3316,3316,3316,3316,3316,3317,3317,3318,3318,3319,3319,3321,3322,3324,3326,3326,3326,3326,3326,3326,3326
Gray,3576,3589,3596,3607,3611,3620,3629,3644,3653,3655,3664,3675,3699,3712,3740,3748,3755,3779,3814,3829,3859,3872,3884,3889,3907,3913,3928,3943,3954,3959,3969,3974,3983,3997,4024,4031,4034,4036,4043,4048,4060,4063,4068,4069,4071,4081,4090,4094,4097,4100,4101,4101,4104,4104,4108,4112,4113,4114,4115,4119,4120,4121,4122,4123,4123,4123,4124,4125,4126,4126,4126,4126,4126,4127,4128
Grayson,17101,17269,17430,17650,17736,17898,18039,18217,18334,18426,18837,18994,19213,19452,19649,19850,20096,20311,20565,20686,20880,21051,21192,21284,21395,21448,21569,21613,21688,21748,21982,22554,22633,23160,23206,23306,23332,23343,23363,23373,23426,23474,23486,23503,23522,23536,23542,23553,23561,23571,23573,23579,23582,23584,23614,23622,23627,23627,23628,23630,23633,23637,23641,23642,23644,23647,23648,23649,23652,23652,23653,23654,23656,23656,23657
Gregg,9135,9212,9321,9378,9428,9502,9586,9651,9684,9801,9854,9959,10091,10204,10328,10383,10494,10559,10655,10789,10934,11095,11194,11286,11356,11396,11484,11549,11636,11694,11752,11798,11855,11949,12006,12025,12076,12106,12129,12150,12167,12188,12211,12222,12239,12249,12255,12268,12272,12287,12295,12299,12311,12312,12318,12322,12326,12327,12333,12336,12338,12341,12344,12348,12348,12354,12355,12355,12359,12359,12362,12362,12363,12365,12365
Grimes,5642,5691,5736,5765,5837,5900,5951,5973,6008,6044,6088,6147,6190,6235,6296,6332,6387,6433,6478,6513,6559,6641,6704,6738,6830,6891,6916,6959,6995,7030,7063,7090,7112,7132,7172,7193,7221,7231,7243,7266,7280,7292,7309,7319,7331,7337,7339,7342,7351,7358,7359,7360,7364,7368,7369,7373,7377,7378,7378,7384,7385,7390,7392,7392,7392,7396,7396,7397,7399,7399,7401,7402,7403,7404,7404
Guadalupe,19015,19143,19306,19490,19637,19782,19940,20134,20266,20439,20580,20853,21141,21317,21508,21618,21973,22190,22385,22574,22907,23182,23448,23734,23896,24058,24203,24362,24576,24691,24855,24990,25108,25193,25271,25371,25454,25522,25569,25597,25649,25704,25730,25773,25793,25807,25833,25860,25879,25899,25904,25913,25929,25938,25946,25952,25965,25965,26004,26020,26029,26039,26055,26060,26061,26065,26069,26081,26091,26101,26107,26109,26111,26123,26129
Hale,4673,4707,4751,4776,4802,4836,4897,4981,5029,5073,5091,5132,5228,5343,5380,5423,5466,5490,5540,5572,5660,5724,5776,5789,5817,5868,5914,5941,5961,5977,5989,6009,6026,6040,6058,6073,6081,6085,6089,6100,6115,6126,6130,6135,6138,6141,6146,6148,6149,6157,6157,6157,6157,6158,6160,6161,6161,6163,6163,6164,6164,6165,6165,6182,6183,6187,6187,6189,6190,6191,6191,6192,6194,6194,6194
Hall,652,653,655,655,655,660,662,664,664,667,670,675,678,680,690,694,698,705,707,711,713,715,716,716,718,718,718,724,724,725,728,730,730,733,733,746,746,746,748,750,773,773,773,774,774,776,777,779,784,818,818,818,818,840,855,856,856,856,856,856,856,856,856,856,856,856,856,856,856,859,859,859,859,859,859
Hamilton,1308,1322,1350,1350,1363,1376,1387,1388,1404,1423,1429,1463,1489,1505,1518,1530,1547,1553,1588,1589,1608,1622,1639,1642,1660,1661,1662,1664,1670,1671,1672,1675,1678,1680,1681,1681,1681,1682,1682,1682,1682,1683,1684,1686,1686,1686,1686,1687,1687,1687,1687,1687,1687,1687,1687,1688,1688,1688,1688,1688,1688,1688,1688,1689,1689,1689,1689,1689,1689,1689,1689,1689,1689,1689,1689
Hansford,536,537,537,539,539,540,544,545,546,547,548,549,551,551,554,554,557,558,558,559,561,564,567,569,570,570,570,571,572,573,573,573,574,574,583,583,583,615,615,615,615,617,618,618,618,618,618,619,619,623,623,623,624,624,624,627,629,629,629,632,632,635,636,637,637,637,637,637,638,640,640,640,640,640,641
Hardeman,426,428,428,428,430,430,430,430,432,433,434,436,436,450,452,466,469,471,473,475,476,479,482,483,485,485,487,491,492,493,493,493,494,494,495,496,496,496,496,496,496,496,496,496,496,497,497,497,497,497,497,497,497,498,498,498,498,498,498,498,498,498,498,498,498,498,498,498,498,498,498,498,498,498,498
Hardin,3999,4040,4125,4161,4248,4271,4300,4324,4380,4429,4478,4533,4600,4642,4717,4751,4796,4836,4853,4894,4957,4995,5060,5110,5133,5157,5201,5221,5238,5282,5325,5351,5385,5401,5436,5449,5477,5488,5498,5513,5523,5538,5544,5554,5564,5571,5578,5584,5589,5590,5592,5595,5597,5597,5599,5599,5601,5602,5603,5604,5606,5607,5607,5609,5609,5609,5610,5610,5610,5610,5614,5616,5616,5616,5618
Harris,718047,730550,742322,750882,760020,767237,777198,784925,791978,798578,808028,818957,827452,834107,842998,853634,860807,866769,872864,876484,883100,888014,894107,897392,901073,904618,907316,910541,915066,917840,920963,923574,926227,928707,930820,931969,934264,936085,937232,938834,940306,941612,942831,943951,944866,945708,946252,947035,950282,951070,951368,951844,952437,952740,953139,953500,953867,954047,954319,954642,954829,955141,955499,955904,956034,956328,956503,956781,957271,957394,957596,957798,957941,958073,958184
Harrison,5471,5484,5517,5548,5570,5612,5629,5649,5660,5700,5724,5760,5822,5866,5913,5944,5971,6011,6040,6092,6164,6204,6252,6293,6324,6341,6401,6437,6450,6485,6520,6544,6576,6598,6623,6635,6649,6656,6661,6667,6685,6696,6715,6719,6725,6725,6735,6754,6756,6770,6771,6773,6792,6801,6804,6825,6832,6832,6835,6838,6838,6838,6839,6843,6843,6843,6843,6843,6849,6850,6853,6853,6854,6858,6858
Hartley,886,887,887,888,888,890,891,894,894,894,895,896,897,897,898,899,899,901,903,908,912,916,917,917,922,922,925,926,931,931,932,932,933,940,951,953,953,954,965,971,974,975,979,979,979,990,1004,1007,1008,1008,1008,1008,1008,1013,1015,1015,1016,1016,1016,1019,1019,1019,1019,1022,1022,1022,1023,1025,1026,1027,1027,1027,1027,1028,1028
Haskell,335,335,335,336,336,337,337,337,337,337,337,338,340,341,341,341,342,343,343,349,358,367,370,370,372,373,373,375,377,378,379,380,380,380,380,380,380,380,381,381,381,382,382,382,382,383,383,383,384,384,384,384,384,384,384,385,385,385,385,385,385,386,386,386,386,386,386,386,386,386,386,386,386,386,386
Hays,34323,34893,35519,36016,36667,36955,37788,38375,38752,39483,39862,40315,40882,41235,41659,42001,42511,43055,43788,44132,45030,45498,46298,46559,46859,47259,47741,48124,48506,48827,49085,49304,49636,49837,50003,50043,50146,50231,50339,50407,50515,50602,50750,50810,50854,50964,51021,51141,51206,51238,51266,51287,51310,51319,51340,51363,51392,51396,51468,51488,51507,51532,51539,51546,51560,51569,51585,51626,51657,51686,51693,51699,51715,51740,51761
Hemphill,848,849,849,855,856,857,857,860,860,861,862,862,871,880,896,896,896,896,896,897,898,899,899,899,899,899,910,910,910,910,910,911,913,920,931,931,931,931,937,946,956,964,975,975,975,988,989,996,1000,1000,1000,1000,1000,1003,1018,1019,1026,1026,1026,1032,1035,1035,1039,1043,1043,1043,1046,1048,1048,1058,1058,1058,1058,1058,1060
Henderson,6623,6708,6786,6831,6935,7052,7107,7194,7296,7382,7473,7540,7860,8029,8136,8166,8324,8353,8408,8579,8819,8955,9445,9533,10026,10068,10330,10373,10443,10799,10865,11006,11142,11326,11416,11437,11665,11687,11771,11862,11896,11962,11979,12016,12031,12059,12071,12087,12095,12112,12117,12122,12137,12142,12145,12149,12153,12153,12160,12164,12165,12169,12171,12174,12175,12191,12193,12195,12195,12195,12195,12197,12199,12200,12201
Hidalgo,87727,88611,89617,90541,91455,91959,93418,94471,95718,96700,97482,98508,99409,101151,102252,104075,105161,106285,107482,108426,109972,111531,115012,116864,117715,118320,119522,120427,122048,122865,123674,126089,126884,127518,127946,128252,128902,130466,130760,131095,131988,132303,132702,133800,134602,134799,134978,135565,135734,136264,136385,136962,137179,137339,137686,137882,138027,138060,138144,138259,138347,138491,138552,138781,138812,139028,139067,139121,139335,139365,139416,139459,139494,139543,139616
Hill,5519,5528,5558,5573,5582,5605,5612,5618,5662,5711,5718,5751,5794,5853,5902,5935,5972,6000,6020,6066,6182,6232,6277,6299,6310,6329,6351,6358,6384,6405,6423,6432,6447,6468,6490,6496,6500,6505,6511,6517,6526,6532,6536,6538,6541,6576,6577,6581,6583,6587,6587,6589,6593,6594,6596,6600,6605,6605,6606,6613,6618,6620,6625,6628,6628,6631,6635,6640,6646,6649,6652,6652,6652,6656,6656
Hockley,4669,4712,4737,4769,4815,4860,4924,4979,5038,5061,5109,5210,5317,5428,5489,5532,5551,5605,5698,5720,5819,5861,5901,5918,5964,6001,6026,6059,6076,6100,6112,6132,6159,6171,6184,6189,6203,6204,6213,6223,6227,6232,6244,6252,6255,6261,6269,6272,6273,6275,6275,6277,6279,6282,6283,6285,6287,6287,6289,6291,6293,6293,6293,6311,6311,6311,6312,6324,6324,6325,6327,6327,6328,6329,6331
Hood,6493,6528,6572,6613,6641,6677,6708,6737,6764,6849,6894,6968,7015,7056,7132,7171,7248,7316,7390,7455,7504,7567,7666,7735,7811,7865,7905,7952,8007,8039,8109,8154,8202,8252,8285,8307,8342,8365,8382,8405,8427,8440,8456,8469,8479,8490,8501,8509,8515,8521,8524,8534,8541,8544,8547,8550,8553,8553,8554,8557,8559,8559,8559,8562,8562,8564,8566,8567,8567,8567,8567,8571,8571,8573,8575
Hopkins,3676,3681,3699,3726,3741,3765,3779,3806,3823,3847,3860,3895,3934,3958,3995,4006,4045,4068,4106,4136,4183,4216,4240,4255,4276,4298,4320,4354,4374,4385,4400,4412,4428,4453,4475,4490,4506,4516,4523,4535,4542,4553,4560,4562,4564,4566,4574,4580,4587,4593,4593,4599,4600,4602,4605,4607,4616,4616,4619,4624,4627,4628,4630,4634,4634,4634,4641,4647,4648,4650,4653,4653,4653,4655,4655
Houston,1742,1749,1763,1767,1784,1789,1801,1806,1811,1826,1836,1859,1899,1918,1938,1945,1958,1966,1971,1986,2004,2016,2030,2034,2054,2069,2076,2079,2085,2093,2099,2109,2113,2119,2126,2129,2131,2134,2142,2143,2144,2145,2147,2150,2151,2151,2152,2154,2155,2156,2156,2158,2161,2162,2162,2162,2162,2163,2163,2169,2170,2170,2174,2176,2176,2182,2183,2186,2186,2186,2187,2187,2187,2188,2195
Howard,3151,3157,3161,3164,3164,3164,3177,3184,3188,3202,3205,3207,3236,3278,3284,3298,3308,3310,3316,3344,3409,3441,3461,3487,3504,3506,3533,3546,3553,3568,3579,3583,3593,3607,3619,3626,3627,3628,3630,3633,3636,3640,3644,3644,3644,3644,3647,3650,3651,3655,3655,3656,3657,3659,3661,3662,3663,3663,3664,3666,3666,3666,3666,3667,3667,3667,3667,3667,3667,3667,3667,3667,3667,3667,3667
Hudspeth,652,654,657,659,659,661,665,668,675,682,682,688,690,691,695,698,699,701,704,708,709,716,721,722,727,728,731,735,740,740,749,753,756,759,764,767,767,769,771,772,774,776,777,777,777,779,779,781,783,783,785,785,785,786,787,787,789,789,789,789,789,789,789,789,789,789,789,789,789,789,789,789,789,789,789
Hunt,8206,8260,8317,8390,8450,8516,8563,8607,8672,8734,8792,8924,9014,9112,9224,9311,9496,9621,9736,9820,9917,10060,10156,10234,10328,10383,10464,10547,10599,10644,10707,10820,10881,10925,10963,10993,11037,11055,11066,11093,11117,11138,11157,11167,11179,11197,11209,11212,11216,11230,11231,11234,11242,11250,11255,11260,11262,11262,11267,11269,11271,11272,11275,11276,11277,11279,11281,11281,11284,11285,11286,11287,11288,11290,11291
Hutchinson,4330,4359,4377,4400,4408,4409,4441,4469,4492,4496,4525,4546,4561,4571,4602,4648,4731,4746,4753,4809,4827,4896,4929,4937,4965,4968,4979,5031,5069,5089,5095,5135,5146,5169,5192,5210,5214,5222,5226,5231,5258,5269,5278,5285,5289,5291,5293,5303,5304,5313,5313,5313,5317,5317,5322,5326,5326,5326,5326,5329,5330,5335,5338,5340,5340,5342,5342,5345,5349,5350,5350,5350,5350,5350,5351
Irion,70,71,73,81,87,91,96,97,98,105,113,115,118,118,122,122,129,135,138,139,141,153,155,160,163,165,168,171,172,176,181,183,187,188,192,192,197,198,199,200,200,202,203,203,203,203,203,204,204,204,204,205,207,207,207,207,207,207,207,207,207,207,207,207,207,207,207,207,207,207,207,207,207,207,207
Jack,914,929,931,934,936,940,962,964,967,976,981,988,1006,1018,1028,1054,1099,1111,1117,1136,1151,1157,1172,1185,1188,1194,1201,1218,1222,1224,1228,1234,1239,1255,1256,1257,1258,1260,1260,1263,1264,1268,1273,1273,1274,1276,1277,1281,1283,1285,1285,1285,1286,1287,1288,1289,1290,1290,1291,1294,1294,1297,1298,1299,1299,1301,1303,1305,1305,1305,1305,1305,1305,1305,1305
Jackson,2369,2375,2382,2383,2389,2394,2400,2404,2407,2416,2421,2427,2442,2452,2465,2466,2474,2477,2482,2487,2499,2508,2515,2520,2523,2526,2528,2535,2538,2546,2550,2555,2556,2558,2564,2572,2572,2575,2576,2577,2577,2579,2583,2589,2589,2592,2595,2597,2598,2601,2604,2604,2605,2605,2606,2607,2607,2610,2611,2612,2613,2613,2613,2613,2613,2613,2613,2613,2613,2613,2613,2613,2613,2614,2614
Jasper,2246,2271,2310,2326,2387,2416,2436,2444,2489,2528,2565,2596,2642,2687,2730,2776,2820,2839,2868,2897,2938,2978,3001,3039,3064,3072,3095,3117,3137,3173,3195,3210,3246,3269,3292,3299,3321,3325,3335,3345,3359,3369,3379,3386,3395,3400,3406,3411,3415,3421,3423,3427,3431,3436,3436,3438,3443,3446,3446,3449,3450,3450,3451,3451,3452,3452,3453,3453,3453,3453,3456,3456,3456,3457,3457
Jeff Davis,152,152,152,154,154,154,155,155,155,156,156,157,157,157,157,158,160,160,160,160,160,160,161,161,161,161,163,163,163,163,163,163,163,163,163,163,163,163,163,163,163,163,163,163,163,163,163,163,164,165,165,165,165,165,165,165,165,165,165,165,165,165,165,165,165,165,165,165,165,165,165,165,165,165,165
Jefferson,31943,32168,32469,32659,32880,33041,33236,33383,33481,33626,33961,34248,34501,34813,35039,35160,35296,35382,35562,35759,36037,36318,36543,36729,36966,37129,37342,37570,37736,37855,38122,38301,38420,38567,38725,38840,38924,38962,39120,39284,39430,39520,39618,39641,39673,39747,39839,39927,40100,40183,40194,40204,40319,40399,40499,40599,40705,40712,40722,40826,40985,41127,41294,41388,41391,41395,41478,41622,41750,41898,42025,42028,42030,42240,42523
Jim Hogg,715,717,717,720,720,721,721,722,723,724,724,724,725,727,729,729,729,729,729,731,733,734,735,739,740,740,741,746,746,747,748,751,751,753,754,754,756,756,756,757,758,759,759,759,760,764,765,766,767,769,770,770,770,770,774,776,776,776,776,776,787,794,794,794,794,794,795,796,796,796,796,796,796,796,796
Jim Wells,6212,6245,6295,6331,6347,6369,6411,6456,6499,6560,6586,6610,6703,6763,6821,6982,7006,7085,7128,7254,7423,7535,7629,7688,7706,7719,7787,7842,7905,7986,8018,8050,8072,8123,8177,8216,8237,8266,8290,8301,8348,8371,8385,8402,8413,8418,8424,8440,8451,8461,8467,8472,8475,8480,8494,8504,8508,8511,8516,8526,8529,8535,8543,8546,8548,8551,8555,8557,8557,8560,8560,8563,8564,8564,8565
Johnson,24836,25026,25239,25455,25599,25777,25888,26099,26223,26437,26713,27127,27437,27704,28040,28213,28526,28799,29103,29272,29547,29827,30070,30270,30483,30565,30771,30886,31047,31169,31293,31392,31515,31713,31813,31860,31928,31975,32019,32064,32104,32145,32183,32213,32231,32261,32277,32295,32303,32327,32332,32343,32357,32362,32366,32433,32442,32448,32455,32464,32470,32492,32499,32514,32516,32522,32538,32581,32599,32630,32660,32665,32666,32701,32746
Jones,2595,2602,2611,2612,2615,2618,2619,2620,2624,2630,2632,2636,2651,2654,2657,2659,2668,2683,2691,2704,2742,2768,2775,2775,2777,2779,2791,2793,2796,2830,2844,2849,2850,2850,2851,2851,2853,2867,2867,2868,2877,2883,2883,2888,2891,2894,2896,2896,2897,2897,2897,2897,2898,2898,2898,2899,2899,2899,2905,2913,2913,2923,2923,2929,2930,2943,2943,2943,2944,2944,2944,2944,2944,2945,2945
Karnes,3709,3713,3715,3728,3732,3737,3769,3833,3837,3841,3843,3851,3867,3876,3896,3915,3930,3951,3982,3997,4025,4052,4069,4093,4108,4133,4184,4204,4244,4257,4272,4282,4312,4346,4367,4387,4390,4398,4417,4427,4445,4465,4469,4475,4476,4486,4489,4493,4496,4499,4500,4504,4504,4504,4510,4518,4529,4529,4531,4550,4560,4592,4611,4624,4624,4624,4640,4646,4647,4667,4672,4672,4672,4673,4674
Kaufman,20406,20573,20795,21000,21180,21382,21495,21780,21970,22150,22346,22633,22901,23107,23395,23607,23900,24212,24470,24684,25016,25348,25639,25784,25932,26044,26213,26323,26486,26607,26697,26815,26929,27038,27145,27210,27282,27335,27370,27408,27438,27472,27520,27546,27565,27595,27608,27626,27643,27668,27672,27686,27700,27709,27718,27735,27744,27744,27747,27760,27768,27773,27782,27787,27787,27802,27812,27817,27829,27834,27838,27844,27845,27846,27851
Kendall,3288,3325,3367,3395,3413,3431,3457,3486,3514,3574,3609,3656,3706,3740,3791,3818,3873,3913,3951,3985,4042,4097,4147,4191,4230,4249,4296,4327,4364,4393,4420,4468,4489,4512,4532,4553,4577,4590,4606,4615,4632,4640,4649,4661,4666,4673,4679,4691,4698,4701,4702,4705,4708,4710,4715,4717,4722,4723,4727,4727,4731,4737,4739,4745,4747,4748,4749,4751,4760,4765,4767,4767,4767,4769,4772
Kenedy,33,33,34,34,34,34,35,36,36,36,36,36,36,36,37,37,37,37,37,37,38,38,38,38,38,38,38,38,38,39,39,39,39,41,41,41,41,41,42,42,42,42,42,43,43,43,43,43,43,43,43,43,43,43,43,44,44,44,44,44,45,45,45,45,45,45,45,45,45,45,45,45,45,45,45
Kent,57,58,58,58,59,59,59,59,59,59,59,59,59,59,59,59,59,59,59,59,60,60,60,60,60,61,62,62,62,62,62,62,62,63,63,63,63,63,63,63,63,63,63,63,63,63,63,63,64,64,64,64,64,64,64,64,64,64,64,64,64,64,64,64,64,64,64,64,64,64,64,64,64,64,64
Kerr,3649,3669,3680,3698,3707,3726,3735,3752,3756,3767,3777,3798,3822,3853,3898,3912,3932,3947,3963,3977,4007,4021,4041,4064,4084,4092,4117,4133,4147,4153,4177,4221,4230,4243,4253,4265,4269,4284,4291,4300,4303,4305,4312,4317,4322,4325,4328,4329,4334,4336,4339,4341,4346,4348,4349,4351,4355,4356,4359,4359,4362,4364,4367,4368,4368,4370,4371,4372,4373,4373,4374,4377,4379,4381,4384
Kimble,276,276,276,276,276,276,277,277,277,277,280,282,287,292,292,293,304,304,309,309,314,319,327,330,332,334,337,347,350,350,350,350,350,350,352,352,352,352,354,355,356,356,356,356,356,356,356,358,359,359,359,359,359,361,362,362,362,362,362,362,362,362,362,362,362,363,366,366,367,367,367,367,367,367,368
King,26,26,26,26,26,26,26,27,27,28,28,28,28,28,28,28,28,28,28,28,28,28,28,28,28,28,28,28,28,28,28,29,29,29,29,29,29,29,29,29,29,29,29,29,29,29,29,29,29,30,30,30,30,30,30,30,30,30,30,30,30,30,30,30,30,30,30,30,30,30,30,30,30,30,30
Kinney,512,512,512,514,517,519,523,523,524,525,531,533,536,541,549,556,556,557,568,572,583,588,591,597,600,602,608,613,615,619,619,619,620,623,624,624,624,626,626,626,627,627,627,628,628,628,628,630,631,631,631,632,633,633,633,633,633,633,633,635,638,640,641,641,641,641,643,643,643,643,643,643,643,643,643
Kleberg,3181,3191,3219,3239,3249,3267,3324,3367,3429,3482,3506,3537,3589,3706,3752,3787,3814,3858,3915,3971,4041,4088,4125,4143,4160,4195,4239,4290,4328,4377,4408,4421,4456,4484,4528,4546,4585,4612,4642,4649,4680,4700,4721,4728,4739,4748,4759,4765,4775,4787,4791,4791,4793,4798,4803,4815,4823,4825,4832,4836,4842,4847,4849,4856,4857,4857,4857,4861,4862,4867,4868,4868,4868,4868,4868
Knox,237,239,239,239,239,240,240,241,241,242,243,243,243,243,245,245,247,249,250,251,257,269,269,270,271,271,272,275,279,279,279,279,279,279,279,279,282,282,282,282,282,282,282,283,283,283,283,283,284,284,284,284,284,284,284,284,284,284,284,284,284,284,286,286,286,286,286,286,286,286,286,286,286,286,286
La Salle,1358,1358,1366,1381,1402,1414,1418,1425,1433,1443,1447,1458,1462,1469,1502,1506,1512,1516,1520,1526,1568,1575,1583,1590,1597,1604,1607,1625,1630,1630,1637,1640,1640,1643,1649,1656,1658,1663,1664,1665,1665,1684,1684,1688,1688,1690,1690,1690,1690,1691,1692,1706,1706,1706,1718,1718,1719,1719,1721,1721,1721,1727,1729,1729,1729,1730,1730,1730,1732,1732,1732,1732,1732,1732,1732
Lamar,2935,2957,2976,3007,3021,3033,3048,3069,3077,3105,3127,3162,3191,3229,3262,3319,3352,3377,3398,3424,3459,3485,3531,3544,3562,3577,3601,3611,3623,3640,3654,3695,3716,3728,3732,3741,3748,3752,3756,3762,3775,3781,3787,3789,3791,3835,3837,3838,3841,3844,3845,3884,3887,3889,3907,3911,3919,3921,3923,3924,3924,3927,3941,3941,3941,3969,3970,3971,3971,3971,3971,3972,3972,3974,3974
Lamb,2900,2905,2912,2920,2923,2940,2949,2965,2974,2979,2988,2996,3009,3030,3037,3041,3047,3054,3068,3080,3098,3108,3127,3133,3164,3165,3171,3177,3181,3188,3189,3191,3193,3195,3199,3200,3202,3207,3207,3208,3211,3211,3212,3212,3213,3216,3221,3222,3223,3225,3225,3225,3225,3227,3227,3229,3229,3229,3229,3229,3231,3231,3233,3239,3239,3240,3240,3241,3242,3243,3243,3243,3243,3246,3246
Lampasas,3438,3439,3506,3511,3516,3555,3561,3639,3645,3668,3700,3708,3780,3799,3809,3820,3840,3860,4038,4039,4060,4082,4114,4128,4158,4318,4326,4335,4353,4496,4503,4511,4572,4581,4596,4607,4608,4614,4633,4636,4637,4654,4656,4673,4673,4676,4676,4678,4701,4701,4701,4702,4703,4703,4704,4712,4712,4712,4713,4714,4714,4715,4725,4727,4727,4731,4732,4735,4735,4736,4736,4736,4736,4736,4736
Lavaca,2287,2290,2301,2311,2319,2322,2327,2336,2342,2352,2361,2383,2399,2412,2424,2430,2447,2456,2469,2478,2501,2526,2544,2545,2552,2556,2567,2570,2583,2589,2594,2596,2601,2607,2610,2613,2616,2616,2620,2625,2627,2628,2629,2631,2631,2631,2633,2638,2639,2641,2641,2642,2643,2644,2645,2646,2647,2648,2648,2650,2653,2656,2656,2656,2656,2656,2656,2656,2656,2656,2656,2656,2656,2656,2656
Lee,1738,1745,1757,1771,1786,1795,1807,1819,1828,1834,1846,1852,1869,1885,1895,1900,1918,1925,1942,1955,1971,1983,1993,1998,2005,2010,2014,2016,2026,2032,2036,2044,2048,2053,2061,2062,2065,2069,2075,2080,2085,2095,2099,2102,2103,2105,2107,2110,2111,2113,2113,2115,2115,2116,2117,2119,2121,2121,2122,2127,2127,2127,2130,2131,2131,2131,2132,2134,2134,2135,2136,2136,2136,2137,2137
Leon,2254,2265,2275,2286,2298,2311,2319,2329,2341,2350,2360,2371,2388,2401,2415,2418,2429,2441,2457,2481,2502,2522,2543,2553,2568,2579,2586,2596,2611,2624,2628,2637,2644,2653,2654,2660,2670,2671,2675,2684,2692,2693,2696,2701,2702,2708,2710,2711,2713,2719,2719,2720,2720,2720,2724,2725,2727,2727,2727,2733,2733,2733,2736,2737,2737,2737,2737,2738,2739,2739,2739,2740,2741,2743,2743
Liberty,10591,10675,10792,10861,10926,10989,11077,11165,11248,11298,11380,11501,11591,11679,11755,11849,11924,11988,12074,12122,12221,12310,12375,12390,12450,12495,12547,12593,12697,12737,12784,12826,12876,12918,12955,12967,13002,13026,13047,13073,13104,13119,13133,13143,13155,13183,13198,13209,13214,13235,13242,13245,13246,13261,13274,13289,13308,13308,13309,13319,13334,13345,13355,13368,13368,13372,13382,13391,13397,13404,13409,13410,13410,13418,13422
Limestone,2913,2920,2926,2946,2956,2980,3007,3010,3014,3029,3034,3081,3129,3145,3187,3197,3221,3232,3259,3275,3299,3306,3333,3350,3362,3367,3383,3387,3396,3402,3428,3442,3449,3475,3482,3489,3498,3515,3522,3525,3530,3533,3541,3546,3547,3571,3577,3581,3582,3584,3584,3585,3586,3586,3591,3591,3591,3591,3591,3593,3595,3596,3596,3596,3596,3597,3598,3599,3600,3600,3600,3600,3600,3600,3600
Lipscomb,456,456,457,458,458,459,461,462,462,462,462,464,470,471,471,471,471,471,471,472,472,474,476,476,477,478,478,478,478,478,478,478,478,480,482,482,482,482,484,485,485,491,492,492,492,493,493,493,493,494,494,494,494,494,495,501,507,507,507,508,509,510,513,516,516,516,517,517,519,520,529,529,529,533,541
Live Oak,1324,1326,1329,1330,1334,1335,1337,1348,1354,1356,1363,1372,1378,1383,1391,1398,1400,1416,1422,1431,1451,1460,1472,1483,1494,1508,1520,1529,1538,1546,1556,1560,1567,1568,1573,1580,1582,1585,1586,1587,1589,1592,1593,1595,1596,1596,1598,1600,1601,1602,1602,1603,1604,1605,1606,1608,1609,1609,1609,1610,1613,1613,1613,1613,1613,1613,1613,1614,1614,1614,1614,1614,1614,1614,1614
Llano,2177,2182,2194,2205,2214,2220,2228,2233,2240,2244,2259,2274,2294,2303,2316,2322,2331,2341,2360,2373,2392,2399,2417,2427,2439,2447,2454,2474,2481,2495,2503,2513,2524,2531,2536,2544,2553,2554,2559,2565,2571,2576,2580,2589,2592,2593,2597,2599,2603,2609,2612,2613,2615,2617,2619,2620,2621,2622,2622,2622,2624,2625,2631,2632,2633,2634,2635,2636,2637,2638,2638,2638,2638,2640,2641
Loving,8,8,10,10,10,10,10,14,14,14,15,15,17,18,18,22,22,23,23,23,23,24,26,26,27,27,27,27,27,29,30,31,31,34,34,35,35,35,36,36,37,37,37,37,37,37,37,38,38,38,38,38,40,40,41,41,41,41,41,41,41,41,41,41,41,41,41,41,41,41,41,41,41,41,42
Lubbock,48150,48638,49304,49642,49924,50258,50750,51387,51963,52353,53143,53907,54635,55276,55996,56663,57402,57866,58213,58777,59359,60099,60952,61147,61520,61746,61998,62375,62610,62854,62993,63257,63423,63551,63732,63819,63888,63944,64006,64066,64127,64247,64295,64324,64338,64376,64404,64423,64446,64492,64510,64523,64539,64552,64569,64585,64594,64597,64602,64611,64632,64642,64657,64759,64767,64773,64778,64781,64784,64785,64798,64800,64801,64802,64803
Lynn,791,793,804,806,807,808,812,815,818,821,838,866,895,906,921,929,937,939,948,960,971,993,1009,1010,1060,1066,1067,1073,1075,1077,1078,1081,1082,1082,1086,1086,1086,1086,1086,1091,1094,1094,1104,1104,1104,1125,1126,1126,1127,1129,1129,1129,1129,1129,1129,1133,1133,1133,1133,1133,1133,1134,1150,1153,1153,1153,1153,1165,1185,1196,1196,1196,1196,1196,1196
Madison,2464,2472,2486,2494,2508,2532,2548,2568,2576,2581,2589,2599,2613,2629,2640,2645,2656,2661,2667,2671,2684,2697,2713,2720,2726,2730,2737,2745,2751,2752,2758,2762,2771,2774,2780,2782,2793,2795,2797,2803,2805,2810,2813,2819,2819,2824,2825,2826,2828,2830,2831,2831,2832,2832,2835,2836,2838,2838,2838,2839,2840,2840,2841,2842,2842,2842,2842,2843,2844,2844,2846,2846,2846,2847,2847
Marion,796,798,802,805,806,807,807,810,814,816,822,823,828,835,841,847,851,855,859,864,880,885,889,900,904,904,913,916,920,926,929,932,935,941,945,947,950,950,953,954,959,959,960,960,961,961,962,966,966,967,967,967,973,974,974,975,976,976,976,976,976,976,976,976,976,976,976,976,977,977,977,977,977,977,977
Martin,495,502,512,520,530,536,539,540,543,548,552,566,571,580,590,593,603,612,615,621,624,629,633,637,643,644,649,653,656,658,662,664,668,673,676,676,681,683,687,688,690,691,693,693,695,698,699,700,701,703,703,704,705,705,706,709,710,710,713,715,715,715,715,715,715,716,718,719,719,720,720,720,720,720,720
Mason,263,263,265,265,265,265,266,270,270,270,270,271,273,275,277,277,278,279,280,280,282,282,282,282,285,285,287,290,294,295,295,295,296,296,296,296,296,297,297,297,297,297,298,298,298,298,298,299,299,299,299,299,299,299,300,300,300,300,301,301,303,303,303,303,303,303,303,303,303,303,303,303,304,304,304
Matagorda,5380,5439,5537,5579,5612,5638,5700,5731,5754,5790,5835,5892,5948,5997,6041,6063,6115,6157,6182,6201,6240,6271,6302,6347,6388,6400,6424,6456,6468,6493,6509,6528,6554,6584,6602,6626,6636,6644,6656,6669,6691,6698,6708,6712,6719,6730,6738,6743,6751,6754,6755,6758,6763,6771,6774,6782,6784,6784,6784,6791,6796,6808,6814,6816,6816,6831,6831,6831,6848,6858,6859,6860,6862,6865,6866
Maverick,11840,11891,12098,12321,12774,12805,13006,13157,13253,13432,13690,14002,14135,14267,14447,14680,14811,15101,15507,15678,16136,16479,16857,17124,17267,17510,17732,17906,18059,18208,18334,18382,18478,18561,18606,18619,18664,18684,18734,18767,18794,18856,18874,18889,18905,18944,18991,19016,19035,19070,19081,19089,19095,19108,19141,19165,19184,19188,19191,19214,19243,19247,19257,19267,19272,19276,19277,19280,19284,19287,19290,19297,19327,19327,19327
McCulloch,565,567,568,568,569,571,574,575,577,577,578,580,583,586,586,588,592,593,595,596,600,604,605,606,608,609,609,612,613,613,615,616,617,618,619,619,619,619,620,620,620,620,621,621,621,621,622,622,622,623,623,623,623,623,623,623,623,623,623,623,623,623,623,623,623,624,624,624,624,624,646,646,646,647,647
McLennan,37411,37578,37946,38139,38314,38473,38827,39140,39395,39703,40033,40520,40888,41369,41744,42062,42303,42534,42786,43024,43477,43856,44103,44273,44415,44493,44693,44824,44967,45129,45295,45379,45456,45663,45791,45865,45918,45946,46000,46057,46099,46161,46205,46242,46271,46786,46846,46925,47065,47179,47186,47194,47287,47381,47421,47487,47553,47559,47563,47607,47701,47752,47811,47854,47858,47869,47910,47953,48003,48058,48099,48103,48105,48173,48212
McMullen,97,97,99,100,102,102,102,103,103,103,104,104,105,106,107,107,107,109,111,111,113,113,114,114,115,115,115,117,118,119,121,123,123,124,129,129,130,130,130,130,130,130,130,130,130,130,130,130,132,132,132,132,132,132,133,133,133,133,133,133,133,134,134,134,134,134,134,134,134,134,134,134,134,134,134
Medina,5151,5182,5216,5264,5286,5308,5364,5404,5441,5485,5527,5591,5655,5737,5828,5865,5955,6019,6109,6200,6309,6399,6453,6519,6605,6638,6689,6737,6791,6819,6848,6887,6922,6944,6963,6989,7011,7034,7050,7061,7074,7090,7104,7108,7115,7131,7140,7151,7162,7166,7168,7168,7168,7171,7180,7185,7191,7191,7195,7203,7208,7215,7225,7234,7235,7235,7239,7247,7260,7265,7269,7269,7270,7278,7279
Menard,175,175,175,177,178,178,178,178,178,179,180,181,183,185,185,185,185,185,187,188,188,188,188,189,190,190,190,193,194,194,194,195,196,197,197,197,197,197,197,197,197,197,201,204,204,217,218,218,218,218,218,218,218,218,218,218,218,218,218,218,218,218,218,218,218,218,218,218,218,218,218,218,218,218,218
Midland,21360,21429,21546,21643,21716,21825,21913,22002,22061,22189,22282,22369,22480,22635,22734,22785,22933,23006,23122,23173,23313,23421,23559,23631,23731,23790,23872,23955,24021,24068,24125,24165,24208,24247,24299,24328,24359,24383,24407,24445,24486,24526,24554,24565,24575,24602,24625,24665,24688,24719,24721,24727,24733,24755,24785,24822,24850,24850,24852,24877,24892,24902,24913,24930,24931,24934,24967,24994,25015,25034,25086,25086,25086,25128,25157
Milam,2087,2099,2127,2152,2165,2175,2187,2202,2214,2225,2240,2266,2286,2312,2333,2356,2373,2380,2389,2421,2443,2461,2488,2521,2545,2559,2568,2585,2604,2622,2636,2642,2650,2662,2671,2682,2691,2694,2703,2708,2711,2717,2722,2725,2728,2731,2732,2736,2737,2739,2742,2742,2746,2749,2751,2755,2756,2756,2757,2758,2759,2761,2762,2764,2764,2765,2765,2765,2767,2767,2768,2768,2770,2770,2770
Mills,908,912,917,917,922,929,933,934,939,950,951,961,972,985,993,999,1028,1030,1049,1051,1073,1099,1117,1117,1123,1124,1125,1145,1147,1148,1149,1150,1151,1152,1161,1162,1162,1164,1164,1164,1164,1164,1165,1165,1165,1165,1166,1166,1175,1176,1176,1177,1178,1179,1183,1183,1183,1183,1183,1183,1183,1183,1183,1183,1183,1188,1189,1191,1191,1191,1191,1191,1191,1191,1192
Mitchell,1503,1506,1509,1511,1512,1513,1513,1516,1517,1521,1527,1529,1551,1558,1567,1576,1580,1591,1596,1596,1601,1607,1612,1612,1625,1629,1644,1662,1665,1666,1668,1678,1682,1686,1686,1686,1687,1687,1697,1706,1708,1709,1710,1710,1710,1712,1713,1716,1726,1731,1732,1732,1732,1734,1734,1734,1734,1734,1734,1734,1734,1735,1735,1735,1735,1735,1735,1735,1735,1735,1735,1735,1735,1735,1735
Montague,2893,2917,2936,2947,2960,2972,3004,3037,3051,3079,3089,3119,3147,3195,3252,3291,3398,3436,3464,3527,3569,3623,3672,3700,3720,3738,3753,3799,3828,3840,3861,3877,3891,3911,3918,3936,3956,3961,3962,3968,3976,3981,3985,3987,3988,3989,3990,3993,3994,3999,4001,4001,4004,4005,4011,4012,4013,4013,4013,4013,4013,4015,4015,4015,4015,4016,4016,4018,4018,4018,4020,4020,4020,4022,4022
Montgomery,77391,78818,80250,81103,82117,83103,84378,85358,86416,87389,88497,90032,91070,91802,92754,93567,94553,95178,96117,96655,97706,98402,99290,99825,100444,100936,101379,101893,102419,102871,103276,103694,104096,104551,104908,105072,105426,105636,105832,106063,106210,106389,106512,106649,106770,106864,106954,107060,107305,107374,107429,107488,107548,107595,107654,107715,107757,107773,107800,107844,107875,107900,107942,107964,107973,107988,108013,108056,108083,108100,108132,108160,108171,108200,108222
Moore,3111,3111,3113,3119,3128,3146,3157,3162,3170,3176,3182,3193,3201,3246,3262,3267,3282,3304,3319,3329,3413,3427,3446,3448,3471,3491,3499,3516,3524,3525,3529,3533,3538,3544,3548,3548,3549,3554,3557,3558,3574,3582,3588,3588,3588,3589,3600,3638,3644,3646,3646,3646,3646,3648,3678,3679,3689,3689,3689,3692,3693,3693,3694,3696,3696,3697,3700,3701,3704,3704,3704,3704,3704,3710,3713
Morris,1282,1284,1291,1297,1307,1312,1319,1327,1332,1341,1355,1363,1388,1393,1399,1409,1417,1428,1440,1460,1477,1483,1491,1497,1510,1514,1527,1531,1539,1553,1560,1565,1575,1592,1599,1602,1605,1607,1610,1612,1614,1615,1616,1618,1619,1622,1622,1626,1627,1628,1630,1630,1631,1636,1638,1641,1642,1642,1642,1643,1643,1643,1644,1644,1645,1645,1647,1648,1649,1649,1650,1650,1650,1650,1650
Motley,97,99,99,99,99,100,100,100,101,103,103,108,108,109,109,109,110,110,110,111,111,111,111,112,112,113,114,114,116,116,116,116,116,116,117,117,117,117,117,117,117,117,117,117,117,117,117,117,118,118,118,118,119,120,120,120,120,120,120,120,120,120,120,120,120,120,120,121,121,121,121,121,121,121,121
Nacogdoches,6705,6746,6784,6816,6866,6931,6983,7013,7083,7167,7218,7294,7356,7458,7549,7630,7703,7748,7824,7899,8032,8099,8177,8256,8273,8312,8379,8398,8448,8501,8530,8549,8599,8648,8671,8697,8718,8728,8735,8753,8775,8788,8807,8815,8820,8836,8851,8871,8889,8896,8896,8896,8900,8902,8912,8916,8929,8931,8931,8933,8935,8944,8957,8961,8961,8963,8964,8968,8975,8978,8980,8981,8981,8987,8992
Navarro,4969,4982,5003,5018,5027,5062,5084,5113,5131,5151,5170,5192,5272,5325,5370,5472,5489,5533,5567,5598,5631,5677,5705,5730,5753,5781,5795,5811,5838,5865,5880,5891,5904,5978,5980,5984,5998,6007,6018,6024,6034,6043,6048,6053,6054,6059,6061,6075,6077,6082,6082,6083,6085,6085,6085,6089,6094,6094,6097,6098,6099,6102,6103,6105,6105,6106,6119,6120,6122,6122,6122,6122,6122,6122,6123
Newton,441,443,459,460,465,473,475,476,482,493,501,509,519,529,551,568,593,602,604,619,628,646,651,656,660,663,669,676,680,703,716,723,733,743,750,752,758,764,769,771,778,780,782,785,785,785,787,788,794,794,794,794,794,794,794,794,794,794,794,795,796,797,797,797,797,797,797,798,798,798,798,800,800,800,800
Nolan,2325,2330,2331,2332,2332,2337,2339,2339,2342,2347,2357,2393,2413,2420,2431,2435,2438,2440,2480,2503,2520,2562,2584,2585,2598,2625,2645,2646,2664,2664,2666,2669,2682,2701,2701,2713,2713,2714,2720,2729,2741,2747,2755,2755,2755,2766,2777,2792,2793,2794,2794,2794,2794,2796,2797,2800,2800,2800,2800,2800,2801,2801,2802,2803,2803,2805,2805,2805,2805,2805,2805,2805,2805,2805,2805
Nueces,41714,42165,42513,42712,43003,43709,44158,44775,45320,45932,46389,47001,47975,48760,49228,50148,50623,51039,51475,52108,53359,53993,54581,54985,55263,55848,56270,56706,57025,57436,57721,58003,58226,58458,58726,58871,59061,59194,59310,59405,59553,59660,59760,59820,59894,59951,60002,60056,60091,60171,60195,60222,60282,60304,60343,60367,60393,60403,60547,60574,60595,60613,60627,60646,60656,60674,60687,60694,60711,60721,60733,60749,60764,60767,60769
Ochiltree,1594,1594,1595,1599,1599,1604,1608,1609,1609,1609,1619,1619,1624,1628,1628,1628,1628,1628,1629,1637,1642,1645,1646,1646,1649,1649,1652,1661,1661,1661,1661,1661,1664,1664,1664,1665,1665,1672,1674,1674,1688,1728,1730,1730,1730,1730,1731,1731,1733,1733,1733,1733,1733,1733,1733,1772,1821,1821,1821,1833,1833,1836,1836,1846,1846,1846,1855,1857,1865,1871,1939,1940,1940,1945,1973
Oldham,263,264,265,266,267,268,268,270,271,272,272,272,272,272,273,276,277,278,279,280,285,285,286,286,286,287,287,287,287,287,288,290,291,291,291,291,291,292,293,293,294,294,294,294,294,294,294,295,296,297,297,297,298,301,301,303,303,303,303,303,303,303,303,303,303,303,303,303,303,303,304,304,304,305,305
Orange,4480,4508,4582,4619,4644,4682,4716,4728,4764,4806,4844,4897,4960,4990,5049,5097,5133,5183,5226,5262,5323,5394,5442,5493,5556,5599,5643,5686,5740,5795,5846,5877,5921,5962,5990,6003,6029,6055,6075,6092,6110,6127,6154,6162,6169,6175,6182,6188,6203,6208,6211,6214,6217,6221,6221,6222,6228,6228,6230,6232,6233,6235,6235,6236,6236,6236,6236,6236,6236,6239,6239,6240,6240,6241,6241
Palo Pinto,4484,4522,4569,4616,4646,4653,4700,4750,4786,4817,4844,4908,4948,5000,5048,5103,5174,5237,5320,5368,5442,5500,5560,5658,5678,5742,5781,5803,5837,5861,5901,5943,5973,5992,6008,6027,6047,6061,6073,6085,6093,6095,6106,6109,6116,6123,6124,6128,6141,6143,6144,6146,6147,6147,6147,6148,6149,6149,6149,6149,6150,6150,6150,6151,6151,6151,6151,6151,6151,6151,6152,6152,6152,6152,6153
Panola,2076,2083,2089,2097,2101,2110,2119,2125,2127,2135,2154,2163,2183,2203,2228,2234,2254,2273,2281,2297,2325,2344,2361,2373,2391,2400,2419,2426,2437,2446,2453,2463,2471,2481,2485,2486,2500,2508,2510,2511,2522,2526,2539,2541,2542,2546,2555,2568,2569,2573,2573,2574,2579,2584,2586,2596,2603,2603,2603,2603,2604,2606,2606,2608,2608,2609,2609,2610,2610,2611,2613,2613,2614,2615,2615
Parker,20505,20634,20771,20950,21102,21215,21343,21530,21620,21790,21927,22220,22448,22683,22861,23006,23232,23530,23815,24035,24358,24581,24826,24980,25146,25262,25411,25512,25686,25766,25882,25993,26090,26186,26281,26329,26379,26430,26462,26503,26548,26599,26641,26670,26693,26729,26746,26764,26772,26793,26800,26814,26822,26836,26853,26865,26871,26871,26877,26882,26885,26895,26901,26910,26911,26913,26918,26920,26930,26937,26945,26945,26949,26960,26970
Parmer,1218,1219,1223,1227,1229,1230,1232,1240,1246,1249,1251,1258,1266,1275,1280,1282,1290,1292,1298,1306,1318,1320,1327,1328,1344,1345,1350,1352,1360,1361,1361,1362,1363,1364,1368,1368,1369,1369,1375,1378,1394,1397,1402,1402,1402,1404,1406,1408,1411,1413,1413,1413,1413,1414,1415,1415,1416,1416,1416,1417,1418,1418,1419,1422,1422,1423,1423,1424,1425,1427,1440,1440,1440,1446,1450
Pecos,1653,1654,1658,1659,1662,1664,1667,1671,1674,1674,1680,1685,1690,1692,1701,1702,1707,1711,1714,1719,1727,1767,1772,1780,1787,1798,1805,1809,1901,1926,1927,1930,1935,1941,1941,1948,1952,1953,1954,1956,1958,1960,1960,1960,1961,1963,1970,1975,1976,1979,1979,1980,1983,1985,1986,1989,1990,1990,1990,1991,1992,1992,1993,1993,1993,1993,1994,1994,1994,1995,1995,1995,1997,1997,1997
Polk,3588,3621,3649,3657,3673,3677,3689,3753,3810,3834,3869,3899,3958,4001,4044,4097,4164,4201,4238,4275,4349,4391,4457,4464,4501,4514,4555,4567,4610,4659,4687,4698,4749,4770,4806,4820,4841,4856,4865,4875,4881,4896,4911,4919,4922,4925,4931,4941,4948,4955,4959,4962,4966,4968,4973,4977,4982,4985,4987,4988,4989,4990,4990,4990,4990,4992,4994,4995,4996,4997,5002,5003,5003,5003,5003
Potter,23665,23752,23796,23899,23944,23993,24054,24109,24158,24233,24295,24426,24558,24654,24791,24867,24978,25110,25170,25253,25381,25557,25711,25774,25920,25998,26073,26156,26246,26306,26365,26428,26537,26588,26646,26659,26695,26719,26745,26767,27275,27301,27322,27335,27345,27365,27376,27388,27392,27411,27412,27416,27424,27430,27437,27440,27445,27445,27448,27455,27460,27464,27465,27467,27467,27473,27477,27479,27481,27482,27487,27487,27487,27488,27490
Presidio,608,611,612,616,616,617,617,618,620,620,622,622,625,625,626,628,632,632,641,642,642,646,647,648,652,655,659,666,667,668,669,671,672,672,675,675,676,676,676,677,677,679,680,680,681,683,683,684,685,686,686,686,689,690,690,690,691,691,691,691,691,691,691,691,691,691,691,691,691,691,691,691,691,691,691
Rains,748,751,758,764,766,770,773,781,785,791,795,802,811,817,825,830,841,846,857,866,878,893,899,905,906,910,912,919,923,924,931,940,948,951,955,961,970,971,972,974,976,984,985,986,987,989,991,995,997,999,999,1000,1003,1004,1006,1007,1008,1008,1008,1008,1008,1008,1008,1009,1009,1012,1012,1012,1012,1012,1012,1013,1014,1014,1014
Randall,22545,22580,22604,22651,22668,22722,22764,22817,22865,22934,22961,23035,23176,23252,23347,23422,23477,23594,23635,23725,23873,24004,24119,24171,24270,24336,24392,24466,24535,24560,24610,24643,24730,24771,24804,24823,24850,24876,24903,24923,25230,25242,25254,25259,25265,25285,25291,25299,25304,25311,25311,25319,25324,25327,25331,25336,25346,25348,25349,25355,25356,25361,25366,25367,25368,25370,25374,25374,25376,25376,25379,25381,25381,25381,25381
Reagan,229,229,230,230,230,230,233,235,235,235,236,236,238,239,241,242,242,243,246,247,258,260,261,262,265,267,272,275,277,277,279,281,281,284,284,284,284,285,285,285,286,287,288,288,288,288,290,290,290,291,291,291,291,291,291,291,291,291,291,291,291,291,291,291,291,291,291,291,291,291,291,291,291,291,291
Real,453,453,454,455,456,457,460,460,461,462,462,465,468,469,477,484,484,492,501,501,512,513,517,518,522,524,526,530,534,535,539,540,543,545,546,547,547,547,548,548,549,552,552,552,552,552,554,556,557,558,558,558,558,559,559,561,561,561,562,563,563,563,563,563,563,563,563,563,563,563,563,563,563,563,563
Red River,854,857,865,871,875,877,879,881,883,887,890,898,904,913,919,925,940,945,949,954,959,968,974,975,981,982,985,988,995,1000,1000,1008,1014,1020,1023,1026,1026,1028,1030,1033,1036,1038,1039,1040,1044,1044,1045,1047,1048,1048,1049,1050,1052,1052,1052,1052,1052,1052,1052,1053,1053,1053,1053,1053,1053,1053,1053,1054,1055,1055,1055,1055,1055,1055,1056
Reeves,1620,1626,1631,1645,1657,1675,1686,1702,1703,1721,1739,1754,1760,1777,1874,1876,1922,1924,1925,1980,2009,2037,2060,2071,2073,2084,2097,2109,2143,2147,2157,2160,2165,2183,2193,2201,2211,2211,2213,2216,2217,2218,2220,2220,2220,2222,2224,2226,2228,2229,2229,2230,2232,2234,2234,2234,2234,2234,2234,2235,2236,2236,2236,2236,2236,2236,2236,2236,2237,2237,2237,2238,2238,2238,2238
Refugio,973,974,988,993,996,1020,1022,1053,1058,1060,1061,1064,1069,1071,1075,1077,1078,1083,1086,1086,1092,1099,1100,1101,1105,1108,1111,1115,1120,1120,1120,1121,1122,1123,1125,1127,1129,1131,1131,1132,1132,1133,1133,1133,1133,1133,1133,1133,1135,1136,1136,1136,1136,1136,1138,1138,1138,1138,1138,1138,1139,1139,1139,1139,1139,1139,1139,1140,1140,1140,1140,1140,1140,1140,1142
Roberts,117,117,117,117,119,120,120,120,120,120,120,120,127,127,127,129,129,132,133,133,133,133,133,133,134,135,135,136,136,136,136,137,137,137,138,138,139,139,139,139,141,141,141,141,141,141,141,141,141,142,142,142,142,146,146,146,146,146,146,146,146,146,146,146,146,146,146,146,146,147,147,147,147,147,147
Robertson,2885,2901,2922,2951,2980,3017,3048,3066,3080,3095,3111,3124,3161,3184,3224,3244,3264,3273,3303,3321,3339,3368,3402,3418,3434,3450,3462,3484,3499,3510,3525,3535,3546,3551,3558,3564,3570,3572,3575,3578,3582,3588,3596,3598,3599,3603,3605,3606,3607,3609,3609,3609,3611,3615,3617,3618,3619,3619,3619,3619,3619,3619,3621,3621,3622,3623,3623,3625,3626,3628,3628,3629,3629,3630,3631
Rockwall,15205,15311,15418,15533,15675,15777,15910,16012,16210,16337,16511,16682,16842,17075,17193,17330,17504,17709,17808,17986,18199,18398,18584,18661,18744,18834,18960,19077,19159,19228,19276,19340,19404,19452,19490,19540,19570,19594,19614,19637,19655,19685,19711,19725,19733,19747,19758,19766,19771,19774,19779,19789,19801,19808,19812,19821,19824,19824,19825,19830,19834,19837,19839,19843,19844,19850,19850,19855,19859,19859,19861,19863,19864,19866,19868
Runnels,1015,1016,1018,1020,1021,1022,1022,1022,1025,1030,1033,1037,1046,1056,1059,1062,1063,1063,1067,1071,1078,1085,1087,1090,1091,1093,1094,1094,1095,1100,1102,1103,1110,1114,1115,1116,1116,1116,1116,1117,1117,1117,1117,1117,1117,1117,1117,1119,1119,1120,1120,1120,1120,1120,1120,1120,1120,1120,1120,1120,1120,1120,1120,1120,1120,1122,1122,1122,1123,1123,1124,1124,1124,1125,1125
Rusk,5358,5364,5392,5413,5423,5453,5484,5508,5536,5576,5607,5641,5680,5736,5779,5798,5845,5860,5878,5939,5982,6035,6064,6079,6102,6116,6152,6171,6195,6223,6233,6248,6266,6283,6298,6305,6318,6331,6337,6344,6350,6355,6362,6363,6364,6373,6378,6381,6384,6389,6391,6392,6397,6398,6400,6402,6407,6408,6410,6414,6416,6418,6420,6424,6424,6424,6424,6425,6425,6425,6427,6427,6427,6428,6430
Sabine,525,532,532,535,539,540,541,544,546,550,554,564,566,573,579,581,584,586,586,592,601,615,619,625,628,630,633,636,640,647,649,652,654,656,662,664,670,670,671,671,672,674,675,675,676,678,679,679,679,679,679,679,680,681,681,682,682,682,682,684,684,684,684,684,684,685,685,685,686,686,686,686,686,686,686
San Augustine,407,409,411,412,414,414,414,417,420,431,432,437,440,444,447,449,454,457,462,466,469,469,471,480,486,488,494,497,498,502,504,505,506,506,507,508,509,510,511,512,512,513,514,516,516,516,517,517,517,520,521,521,521,521,521,521,521,521,521,521,521,522,522,522,522,523,523,523,524,524,525,525,525,525,525
San Jacinto,2558,2589,2621,2650,2684,2709,2744,2768,2800,2819,2856,2902,2979,3049,3104,3134,3167,3205,3235,3284,3347,3381,3416,3439,3465,3472,3523,3545,3566,3639,3651,3661,3709,3737,3753,3760,3794,3803,3814,3823,3827,3844,3853,3860,3863,3868,3877,3884,3888,3893,3895,3897,3903,3906,3909,3912,3917,3919,3920,3921,3928,3930,3936,3943,3944,3946,3948,3949,3950,3950,3953,3955,3956,3961,3974
San Patricio,5830,5878,5948,5972,6007,6065,6115,6182,6242,6310,6355,6444,6593,6686,6786,6905,6954,7016,7089,7196,7384,7506,7577,7657,7729,7783,7868,7914,7995,8078,8145,8204,8233,8292,8353,8380,8425,8445,8470,8488,8513,8534,8551,8570,8591,8606,8610,8621,8625,8635,8642,8650,8651,8653,8660,8669,8674,8680,8690,8692,8693,8696,8699,8701,8704,8704,8705,8706,8707,8708,8709,8710,8710,8712,8712
San Saba,703,703,703,707,708,710,710,711,714,715,720,723,725,729,730,730,731,733,738,739,742,748,750,753,755,763,771,774,777,784,786,788,793,794,796,798,798,800,801,802,802,802,802,803,803,803,805,805,805,805,805,805,805,806,806,806,806,806,806,806,806,806,808,808,808,808,808,808,808,808,808,808,808,808,808
Schleicher,141,141,141,142,143,149,149,151,153,153,161,163,166,169,171,171,173,176,178,181,188,191,191,191,197,200,203,210,213,214,215,217,219,221,225,227,227,228,228,229,231,232,234,234,234,234,237,237,237,239,239,239,239,239,239,240,240,240,240,240,240,240,240,240,240,240,240,240,240,240,240,240,240,240,240
Scurry,3292,3311,3350,3367,3405,3431,3469,3515,3556,3586,3590,3594,3805,3867,3946,3988,3993,4060,4132,4133,4226,4264,4294,4304,4328,4351,4375,4395,4414,4427,4434,4451,4470,4476,4485,4490,4495,4502,4506,4513,4518,4522,4526,4528,4530,4533,4537,4541,4543,4545,4546,4549,4558,4561,4562,4562,4562,4562,4562,4565,4566,4566,4566,4568,4568,4568,4568,4568,4568,4568,4568,4568,4568,4568,4569
Shackelford,190,191,191,191,191,191,191,192,192,192,192,192,195,196,197,198,198,198,198,200,203,204,204,205,205,205,206,206,206,206,206,207,207,207,208,208,208,208,208,208,208,208,208,208,208,208,208,209,211,211,211,211,211,211,211,211,211,211,211,211,212,212,212,212,212,212,212,213,213,213,213,213,213,213,213
Shelby,2057,2070,2096,2110,2120,2137,2156,2179,2197,2212,2233,2249,2271,2310,2326,2343,2352,2381,2392,2414,2453,2478,2496,2515,2524,2531,2545,2547,2567,2585,2595,2599,2606,2613,2615,2620,2627,2634,2640,2643,2648,2648,2651,2655,2657,2659,2660,2667,2668,2672,2672,2674,2676,2678,2678,2682,2684,2685,2686,2687,2687,2688,2688,2688,2688,2689,2689,2691,2692,2693,2697,2697,2697,2697,2700
Sherman,326,326,326,326,326,327,327,327,328,328,329,330,332,335,337,338,338,339,339,339,341,341,341,341,343,343,344,344,345,345,345,345,345,345,350,350,350,350,352,356,357,357,357,357,357,357,362,364,364,364,365,365,366,366,366,366,366,366,366,366,366,366,366,366,366,366,366,366,366,366,366,366,366,366,366
Smith,21794,21909,22095,22253,22302,22472,22556,22660,22779,22939,23066,23224,23486,23693,23953,24029,24177,24307,24456,24674,24947,25173,25350,25490,25792,25868,26075,26193,26296,26440,26547,26640,26734,27747,27864,27919,28031,28086,28144,28202,28266,28326,28379,28430,28451,28495,28508,28648,28671,28717,28722,28743,28773,28778,28787,28790,28800,28803,28812,28820,28827,28830,28839,28842,28844,28877,28879,28885,28894,28895,28902,28904,28907,28911,28914
Somervell,937,939,940,944,946,948,949,951,957,970,974,997,1016,1033,1053,1068,1076,1082,1103,1126,1146,1168,1176,1177,1183,1196,1212,1220,1233,1237,1241,1245,1253,1258,1266,1267,1273,1283,1284,1290,1292,1295,1296,1302,1303,1306,1306,1309,1309,1309,1310,1315,1315,1315,1317,1317,1317,1317,1320,1320,1320,1320,1320,1320,1320,1321,1321,1321,1321,1321,1321,1321,1321,1321,1321
Starr,9768,9827,9918,10001,10080,10116,10255,10366,10504,10564,10651,10730,10845,11043,11124,11273,11318,11450,11496,11582,11729,11841,11953,11990,12034,12113,12260,12321,12475,12520,12574,12932,13032,13075,13107,13157,13172,13291,13350,13403,13542,13593,13630,13820,13924,13938,13957,14042,14060,14094,14108,14162,14254,14267,14303,14322,14353,14357,14358,14374,14387,14398,14408,14427,14428,14430,14433,14446,14459,14464,14464,14468,14470,14475,14477
Stephens,779,780,787,789,795,799,805,812,812,818,824,832,845,852,860,875,876,882,891,900,905,909,914,923,929,932,933,936,938,941,943,948,952,953,955,956,957,959,961,969,972,972,972,974,975,976,979,979,981,988,988,988,988,988,988,988,988,988,988,988,988,988,988,989,989,990,990,990,990,990,990,990,990,990,990
Sterling,85,85,85,86,86,86,86,87,90,90,90,91,92,92,92,92,92,92,92,92,93,93,93,93,93,93,93,93,95,95,95,95,95,95,95,95,95,95,95,95,95,95,95,95,95,95,95,95,95,95,95,95,95,95,95,95,95,95,95,95,95,95,95,95,95,95,95,95,95,95,95,95,95,95,95
Stonewall,70,70,70,70,70,70,70,70,70,70,70,70,70,71,71,71,71,71,71,71,72,72,72,72,72,72,72,72,72,72,72,72,72,72,72,72,72,72,72,72,72,72,72,72,73,73,73,73,73,73,73,73,73,73,73,73,73,73,73,73,73,74,74,74,74,74,74,74,74,74,74,74,74,74,74
Sutton,282,282,282,283,283,285,285,285,285,285,288,290,291,292,295,295,295,297,297,298,301,302,303,303,305,306,307,314,315,315,315,318,320,328,334,347,349,349,353,353,357,359,362,362,362,364,369,377,377,378,378,378,378,379,379,379,379,379,379,379,379,379,379,379,379,379,379,379,379,379,379,379,379,379,379
Swisher,1099,1100,1101,1103,1104,1104,1108,1115,1119,1124,1126,1134,1142,1149,1152,1156,1159,1163,1165,1171,1176,1180,1188,1190,1190,1190,1195,1197,1202,1202,1202,1205,1208,1209,1209,1209,1210,1211,1212,1214,1216,1218,1219,1220,1220,1222,1224,1224,1226,1230,1230,1231,1231,1235,1235,1237,1237,1238,1238,1240,1241,1241,1245,1248,1248,1248,1248,1248,1249,1249,1249,1249,1249,1250,1250
Tarrant,333917,337752,341447,345596,348346,351474,354354,358062,360378,363643,367503,373274,378644,384237,387764,391752,395858,401847,407112,409223,414257,418202,422508,424997,427592,429582,431706,433620,435795,436920,438960,440491,442209,443936,444972,445731,446445,447136,447587,448143,448648,449178,449612,449992,450283,451020,451224,451426,451590,451843,451913,452072,452343,452466,452814,453283,453374,453438,453514,453580,453652,453702,453751,453828,453857,453967,454050,454219,454319,454367,454425,454468,454500,454531,454570
Taylor,10335,10377,10432,10473,10501,10548,10582,10639,10695,10779,10849,10934,11080,11187,11299,11336,11417,11496,11578,11665,11760,12220,12282,12334,12375,12409,12464,12523,12574,12613,12669,12711,12747,12783,12825,12832,12859,12870,12910,12930,12951,12967,12978,12980,12984,12991,12993,13024,13039,13042,13044,13045,13048,13052,13060,13061,13063,13064,13066,13067,13068,13073,13074,13074,13075,13158,13160,13162,13163,13168,13168,13168,13168,13169,13172
Terrell,66,67,67,68,68,68,68,68,68,69,70,70,70,70,70,70,70,70,70,70,70,70,70,70,70,70,70,70,70,70,70,70,70,72,72,72,72,72,72,72,73,73,73,73,73,73,73,73,73,74,74,74,74,74,74,74,75,75,75,75,75,75,75,75,75,75,75,75,75,75,75,75,75,75,75
Terry,1363,1366,1371,1375,1376,1380,1385,1389,1395,1397,1400,1412,1415,1415,1422,1426,1427,1431,1434,1436,1438,1443,1448,1449,1451,1451,1452,1455,1456,1458,1459,1461,1463,1463,1465,1465,1466,1466,1466,1467,1467,1468,1469,1471,1473,1473,1473,1473,1473,1473,1473,1473,1473,1473,1473,1473,1473,1473,1473,1473,1473,1474,1474,1475,1475,1475,1475,1475,1475,1475,1475,1475,1475,1475,1475
Throckmorton,63,63,63,64,64,64,64,64,64,65,65,66,67,69,69,70,71,72,72,74,74,74,74,74,74,74,75,76,77,77,77,77,77,77,78,78,78,78,79,79,81,81,82,82,82,83,83,83,84,84,84,85,85,85,85,85,85,85,85,85,85,85,85,85,85,86,86,86,86,86,86,86,86,86,87
Titus,4522,4540,4552,4565,4585,4599,4607,4628,4641,4675,4711,4734,4786,4822,4864,4893,4920,5001,5033,5090,5158,5185,5213,5236,5257,5283,5310,5329,5361,5387,5406,5418,5436,5453,5470,5479,5479,5483,5484,5499,5508,5513,5513,5518,5521,5532,5539,5540,5545,5563,5570,5572,5610,5633,5650,5660,5664,5664,5665,5666,5668,5669,5672,5675,5676,5678,5679,5681,5692,5701,5708,5708,5708,5709,5709
Tom Green,6316,6350,6387,6439,6478,6538,6598,6689,6749,6823,6887,7001,7176,7260,7314,7394,7417,7438,7576,7630,7731,7780,7851,7879,7916,7997,8044,8082,8127,8169,8196,8234,8261,8285,8294,8309,8317,8326,8336,8357,8370,8375,8380,8383,8387,8395,8402,8418,8430,8447,8450,8451,8458,8472,8482,8490,8491,8493,8494,8503,8506,8509,8522,8524,8526,8528,8533,8538,8555,8563,8571,8571,8574,8578,8581
Travis,138094,140541,143305,145329,147432,149049,151125,153072,154646,156595,158423,160351,163286,165230,166933,168002,170850,172867,174836,176814,179682,181664,183782,185191,186559,187457,188771,189686,191040,191887,192958,193938,194772,195522,196196,196413,196886,197309,197658,197971,198323,198708,198946,199160,199411,199604,199769,199917,200035,200201,200276,200374,200487,200568,200701,200773,200853,200904,200972,201066,201119,201171,201226,201276,201298,201345,201391,201437,201489,201528,201573,201603,201634,201681,201714
Trinity,1398,1413,1424,1434,1438,1441,1459,1466,1478,1483,1496,1510,1528,1543,1560,1576,1583,1585,1609,1621,1641,1657,1667,1671,1680,1685,1693,1702,1710,1716,1720,1721,1724,1729,1733,1735,1740,1744,1744,1744,1749,1752,1753,1755,1757,1757,1759,1760,1764,1766,1766,1766,1769,1772,1772,1773,1775,1775,1775,1775,1775,1775,1778,1778,1778,1778,1779,1781,1781,1782,1783,1783,1783,1783,1796
Tyler,1226,1244,1261,1272,1282,1290,1293,1299,1305,1317,1332,1362,1378,1393,1418,1427,1463,1474,1484,1499,1524,1545,1560,1564,1567,1570,1576,1580,1587,1603,1608,1612,1620,1627,1631,1635,1641,1642,1643,1646,1647,1650,1651,1653,1653,1653,1656,1656,1656,1656,1657,1659,1661,1661,1661,1663,1663,1663,1664,1665,1666,1666,1668,1669,1669,1670,1670,1671,1671,1671,1672,1672,1672,1672,1672
Upshur,2999,3007,3019,3025,3028,3030,3039,3047,3052,3068,3084,3096,3112,3128,3138,3150,3161,3170,3193,3207,3231,3249,3266,3285,3303,3309,3335,3345,3357,3371,3382,3389,3396,3416,3429,3435,3445,3447,3449,3451,3456,3461,3463,3464,3466,3470,3474,3485,3488,3493,3494,3495,3500,3501,3504,3508,3513,3514,3514,3516,3517,3518,3519,3526,3526,3526,3527,3529,3531,3534,3536,3536,3536,3536,3537
Upton,102,104,106,108,111,111,111,111,111,111,112,113,114,115,115,115,115,115,115,115,117,119,120,121,122,123,124,124,125,125,125,125,126,126,126,129,129,130,130,130,130,130,132,132,132,132,132,132,133,133,133,134,134,134,134,134,134,134,134,134,134,134,134,134,134,134,134,134,134,134,134,134,134,134,134
Uvalde,6238,6300,6365,6468,6543,6548,6607,6680,6814,6875,6954,7110,7222,7341,7501,7756,7778,7938,8229,8311,8599,8733,8855,8948,9030,9112,9203,9249,9313,9346,9421,9439,9492,9534,9558,9558,9567,9581,9595,9618,9626,9663,9671,9673,9682,9691,9695,9699,9710,9716,9719,9724,9726,9728,9730,9733,9735,9738,9738,9741,9744,9747,9747,9748,9750,9750,9754,9756,9757,9757,9760,9761,9761,9762,9764
Val Verde,9931,9973,9979,10049,10146,10180,10297,10380,10466,10581,10677,10712,10849,10931,10998,11086,11175,11289,11568,11700,11933,12096,12187,12361,12540,12639,12829,12929,12982,13091,13179,13253,13336,13399,13457,13473,13514,13561,13582,13604,13634,13657,13670,13679,13697,13710,13719,13731,13739,13750,13754,13760,13762,13762,13766,13773,13776,13777,13778,13781,13784,13786,13789,13789,13789,13789,13791,13795,13799,13799,13799,13806,13824,13825,13825
Van Zandt,5069,5091,5119,5135,5146,5175,5190,5227,5246,5266,5274,5304,5332,5371,5411,5428,5473,5508,5541,5575,5640,6030,6069,6089,6136,6146,6180,6204,6228,6257,6287,6308,6330,6373,6401,6420,6441,6450,6459,6465,6475,6489,6504,6511,6517,6530,6534,6540,6546,6549,6549,6557,6560,6561,6563,6567,6569,6570,6574,6576,6577,6580,6581,6581,6582,6724,6724,6724,6728,6728,6728,6728,6729,6730,6730
Victoria,13186,13229,13296,13361,13410,13479,13514,13568,13636,13681,13752,13880,14016,14136,14287,14336,14560,14710,14748,14848,15088,15251,15401,15515,15574,15656,15679,15789,15898,15957,16031,16082,16109,16161,16258,16284,16334,16363,16387,16399,16427,16479,16501,16517,16536,16549,16563,16576,16587,16600,16600,16606,16612,16615,16627,16638,16646,16648,16652,16659,16662,16666,16669,16669,16669,16671,16673,16682,16688,16688,16688,16688,16690,16699,16701
Walker,12118,12243,12370,12482,12619,12686,12873,13018,13105,13198,13267,13393,13526,13611,13758,13859,13930,13979,14203,14333,14573,14832,14939,15011,15117,15225,15297,15360,15419,15492,15539,15583,15635,15690,15724,15743,15780,15814,15833,15864,15884,15904,15916,15928,15935,15945,15986,16036,16067,16102,16107,16115,16124,16134,16149,16159,16169,16171,16174,16188,16196,16201,16207,16212,16213,16217,16219,16223,16228,16228,16231,16232,16233,16233,16235
Waller,5834,5923,6007,6067,6131,6203,6273,6318,6364,6428,6488,6562,6633,6670,6732,6823,6879,6928,6981,7007,7079,7121,7175,7201,7222,7258,7275,7324,7371,7398,7414,7444,7464,7490,7508,7519,7542,7558,7575,7599,7621,7645,7654,7665,7674,7684,7694,7704,7743,7758,7761,7762,7763,7768,7773,7777,7786,7788,7790,7791,7796,7798,7803,7805,7806,7808,7810,7812,7817,7819,7823,7825,7826,7827,7832
Ward,1437,1442,1446,1451,1462,1475,1477,1508,1510,1522,1535,1562,1590,1621,1648,1648,1659,1667,1679,1704,1741,1763,1772,1777,1797,1818,1843,1871,1889,1890,1892,1904,1912,1931,1947,1957,1957,1958,1965,1973,1978,1986,1995,1996,1996,2002,2014,2021,2025,2035,2035,2037,2041,2044,2048,2048,2048,2048,2048,2048,2048,2049,2049,2051,2051,2052,2052,2052,2052,2052,2052,2052,2052,2052,2052
Washington,5785,5850,5933,6008,6036,6068,6204,6219,6295,6334,6349,6385,6434,6471,6535,6621,6670,6735,6787,6821,6892,6978,7050,7070,7088,7152,7178,7221,7263,7292,7308,7321,7357,7382,7406,7415,7425,7427,7431,7451,7465,7476,7486,7493,7499,7499,7512,7517,7523,7536,7539,7542,7542,7549,7552,7556,7562,7563,7564,7566,7570,7576,7583,7584,7584,7585,7588,7591,7595,7599,7606,7608,7609,7613,7624
Webb,55592,56147,56783,57478,58478,59085,59970,60764,61507,62031,62499,63256,63861,64386,65009,65653,66061,66823,68035,68527,69723,70964,72110,73386,74200,74802,75519,76030,76809,77504,78069,78689,79660,80245,80520,80758,81212,81474,81810,82010,82298,82550,82734,82797,83000,83186,83343,83484,83627,83894,83969,84056,84155,84200,84327,84423,84536,84563,84591,84643,84710,84756,84782,84811,84827,84835,84877,84959,85015,85069,85083,85099,85108,85114,85123
Wharton,5689,5739,5801,5851,5876,5897,5949,5990,6024,6064,6101,6135,6200,6240,6285,6315,6354,6377,6403,6434,6468,6494,6536,6548,6579,6595,6621,6642,6663,6691,6714,6723,6752,6781,6796,6799,6805,6814,6821,6839,6853,6862,6868,6873,6873,6883,6891,6897,6904,6913,6914,6918,6921,6924,6929,6934,6938,6939,6941,6945,6947,6954,6957,6959,6959,6964,6971,6976,6984,6990,6994,6996,6996,6996,6999
Wheeler,810,810,814,816,816,818,826,830,832,838,841,849,854,861,866,869,869,871,871,876,876,877,877,877,877,877,878,880,880,880,880,881,882,885,890,892,893,894,895,896,897,898,901,901,901,906,907,908,908,909,909,909,909,911,914,914,915,915,915,915,916,916,917,918,918,918,918,918,919,919,919,919,919,919,919
Wichita,19946,20070,20304,20429,20569,20602,20876,20962,21164,21344,21555,21839,22134,22537,23042,23248,23516,23868,24247,24681,24961,25323,25609,25912,26090,26261,26459,26924,27248,27384,27448,27541,27590,27671,27701,27748,27772,27785,27808,27835,27861,27883,27910,27923,27942,27948,27960,27973,27980,27999,28006,28007,28013,28030,28036,28043,28045,28049,28052,28058,28058,28072,28095,28121,28121,28121,28157,28198,28268,28334,28408,28409,28409,28463,28510
Wilbarger,2317,2336,2342,2346,2381,2398,2411,2429,2455,2463,2467,2499,2516,2531,2558,2568,2586,2598,2616,2640,2646,2658,2670,2679,2682,2686,2695,2708,2735,2736,2737,2746,2746,2749,2752,2755,2755,2758,2759,2760,2763,2767,2771,2772,2773,2776,2776,2777,2779,2781,2782,2782,2782,2782,2782,2783,2783,2783,2783,2785,2785,2785,2785,2786,2787,2788,2788,2788,2788,2789,2789,2789,2789,2790,2791
Willacy,4632,4639,4656,4680,4689,4698,4706,4724,4744,4757,4774,4804,4834,4869,4894,4924,4968,4996,5016,5058,5116,5199,5244,5268,5305,5311,5349,5381,5422,5455,5492,5509,5515,5528,5535,5553,5561,5581,5586,5595,5602,5612,5622,5632,5641,5647,5654,5667,5672,5686,5692,5697,5704,5710,5721,5727,5740,5742,5743,5747,5750,5757,5761,5766,5766,5781,5790,5790,5795,5796,5806,5810,5821,5826,5826
Williamson,72775,73760,75016,76086,77136,78013,79202,80222,80921,82126,82719,83709,85319,86345,87442,88201,89138,89925,91183,92288,93960,95497,96821,97423,98381,98944,100008,100764,101541,102198,102638,103028,103556,103973,104376,104521,104793,105004,105205,105477,105698,105949,106092,106185,106292,106491,106619,106766,106881,106980,107030,107058,107124,107198,107273,107364,107431,107457,107474,107524,107575,107629,107722,107758,107774,107884,107906,107942,107968,107982,107997,108011,108019,108035,108060
Wilson,5799,5817,5853,5899,5919,5941,5967,6002,6030,6073,6110,6191,6231,6261,6313,6356,6442,6494,6553,6587,6649,6713,6760,6839,6885,6936,6971,7010,7066,7096,7125,7157,7189,7208,7236,7254,7275,7286,7316,7324,7341,7351,7359,7368,7373,7375,7379,7388,7388,7394,7395,7400,7402,7403,7407,7409,7412,7413,7419,7429,7429,7436,7444,7447,7449,7451,7452,7454,7458,7461,7466,7467,7467,7473,7479
Winkler,1123,1123,1123,1130,1138,1148,1150,1161,1162,1166,1169,1177,1184,1195,1205,1216,1234,1242,1253,1261,1278,1300,1304,1305,1317,1323,1339,1370,1381,1383,1384,1388,1394,1408,1425,1428,1430,1431,1433,1444,1453,1455,1460,1460,1460,1462,1467,1469,1473,1476,1476,1476,1476,1481,1487,1487,1487,1487,1487,1487,1487,1488,1489,1489,1489,1489,1489,1489,1489,1489,1489,1489,1489,1489,1490
Wise,10219,10298,10404,10474,10538,10603,10702,10879,10949,11091,11128,11207,11386,11578,11702,11801,11948,12140,12332,12478,12727,12859,12976,13070,13158,13240,13303,13406,13483,13563,13624,13669,13728,13775,13810,13831,13849,13865,13877,13893,13910,13929,13946,13954,13963,13974,13982,13991,13994,14007,14010,14012,14023,14023,14025,14030,14032,14032,14033,14036,14039,14043,14044,14046,14046,14051,14054,14056,14061,14062,14063,14063,14063,14066,14067
Wood,3795,3814,3836,3853,3860,3875,3893,3914,3931,3963,3976,3997,4046,4095,4131,4147,4167,4198,4222,4279,4345,4401,4462,4479,4523,4531,4582,4612,4634,4673,4699,4726,4747,4789,4818,4836,4853,4871,4880,4890,4901,4916,4932,4942,4947,4955,4956,4966,4969,4975,4975,4979,4982,4984,4988,4990,4991,4991,4992,4995,4995,4996,4996,4996,4996,5002,5002,5003,5006,5007,5007,5007,5007,5007,5007
Yoakum,734,735,741,741,742,743,743,745,745,746,748,751,751,754,762,764,766,769,770,772,790,796,800,802,803,804,805,805,807,810,812,813,813,813,814,815,816,816,817,817,817,819,819,819,819,819,819,819,819,820,820,821,821,821,821,822,822,823,823,824,824,827,827,828,829,829,829,829,829,830,830,830,830,830,830
Young,2696,2705,2711,2729,2739,2752,2776,2789,2798,2804,2808,2813,2841,2858,2878,2903,2944,2952,2961,2971,2989,3012,3024,3040,3054,3062,3076,3092,3109,3128,3135,3165,3171,3182,3188,3190,3190,3190,3197,3203,3220,3232,3239,3242,3243,3251,3260,3273,3284,3286,3286,3286,3286,3286,3288,3289,3289,3289,3289,3294,3294,3299,3300,3300,3300,3300,3301,3301,3301,3301,3301,3301,3301,3302,3302
Zapata,1923,1923,1926,1930,1939,1940,1942,1944,1947,1951,1955,1957,1967,1967,1969,1972,1973,1976,1991,1992,1993,1997,2005,2012,2012,2014,2017,2020,2026,2030,2031,2037,2042,2048,2051,2078,2096,2131,2142,2167,2180,2201,2213,2217,2251,2260,2281,2289,2294,2305,2310,2315,2318,2325,2331,2340,2348,2356,2359,2362,2364,2367,2372,2376,2378,2378,2378,2380,2381,2382,2382,2382,2382,2383,2383
Zavala,2303,2322,2376,2398,2417,2450,2483,2520,2538,2551,2560,2587,2627,2676,2724,2758,2775,2805,2870,2891,2969,3019,3060,3079,3092,3108,3138,3154,3168,3186,3205,3212,3236,3242,3253,3256,3277,3285,3289,3305,3316,3323,3332,3336,3341,3341,3342,3349,3349,3353,3358,3359,3359,3359,3360,3364,3364,3365,3366,3367,3367,3368,3368,3369,3369,3369,3369,3370,3370,3370,3371,3372,3372,3372,3372
Incomplete Address,15043,16851,18684,20142,21955,22418,24694,26282,27872,29361,32136,34341,36807,38239,41736,42724,44974,46069,46976,49024,51085,52844,53902,54502,56281,56665,57035,58226,59156,60029,60606,61421,61777,63627,63952,64574,64766,65020,65252,65410,65638,65842,66036,66154,66252,66342,66497,66695,66797,66927,66971,67031,67103,67159,67252,67336,67443,67464,67496,67554,67594,67612,67670,67702,67735,67806,67830,67861,67899,67932,67952,67970,67981,68004,68021
Total,3904255,3951386,4002867,4047298,4087241,4122694,4167551,4210806,4245620,4287588,4334383,4395496,4454764,4503154,4558770,4602144,4656551,4701161,4749127,4787027,4842913,4895200,4944397,4978176,5013748,5039016,5069763,5100655,5135222,5158709,5182291,5210762,5231844,5254538,5271033,5283321,5298076,5310407,5319208,5328480,5340123,5349901,5359531,5366964,5372619,5380619,5385207,5391157,5399524,5405930,5407689,5411128,5415212,5417898,5421703,5426396,5429376,5430285,5432512,5435157,5437242,5439516,5441947,5444616,5445217,5447841,5449416,5451561,5454251,5455882,5457774,5458676,5459313,5460867,5462353
,,,,,,,,,,,,,,,,,,,,,,,,,,,,,,,,,,,,,,,,,,,,,,,,,,,,,,,,,,,,,,,,,,,,,,,,,,,
Notes:,,,,,,,,,,,,,,,,,,,,,,,,,,,,,,,,,,,,,,,,,,,,,,,,,,,,,,,,,,,,,,,,,,,,,,,,,,,
Case counts do not include probable cases,,,,,,,,,,,,,,,,,,,,,,,,,,,,,,,,,,,,,,,,,,,,,,,,,,,,,,,,,,,,,,,,,,,,,,,,,,,
Additional information can be found on the Data Notes page: https://dshs.texas.gov/coronavirus/datanotes.aspx.,,,,,,,,,,,,,,,,,,,,,,,,,,,,,,,,,,,,,,,,,,,,,,,,,,,,,,,,,,,,,,,,,,,,,,,,,,,
